単語,重要度,該当文章
くれる,0.22136361582756184,現在もですね、学校がとても辛くしばしばお休みしてしまい重たい足を引きずり単位を落とさないためになんとか学校に通っている状況です、そんな私を支えてくれるのは推しの存在
しまう,0.1811273083364575,現在もですね、学校がとても辛くしばしばお休みしてしまい重たい足を引きずり単位を落とさないためになんとか学校に通っている状況です、そんな私を支えてくれるのは推しの存在
ため,0.22136361582756184,現在もですね、学校がとても辛くしばしばお休みしてしまい重たい足を引きずり単位を落とさないためになんとか学校に通っている状況です、そんな私を支えてくれるのは推しの存在
休む,0.24490034687734363,現在もですね、学校がとても辛くしばしばお休みしてしまい重たい足を引きずり単位を落とさないためになんとか学校に通っている状況です、そんな私を支えてくれるのは推しの存在
単位,0.24490034687734363,現在もですね、学校がとても辛くしばしばお休みしてしまい重たい足を引きずり単位を落とさないためになんとか学校に通っている状況です、そんな私を支えてくれるのは推しの存在
存在,0.1811273083364575,現在もですね、学校がとても辛くしばしばお休みしてしまい重たい足を引きずり単位を落とさないためになんとか学校に通っている状況です、そんな私を支えてくれるのは推しの存在
学校,0.48980069375468727,現在もですね、学校がとても辛くしばしばお休みしてしまい重たい足を引きずり単位を落とさないためになんとか学校に通っている状況です、そんな私を支えてくれるのは推しの存在
引きずる,0.24490034687734363,現在もですね、学校がとても辛くしばしばお休みしてしまい重たい足を引きずり単位を落とさないためになんとか学校に通っている状況です、そんな私を支えてくれるのは推しの存在
推す,0.22136361582756184,現在もですね、学校がとても辛くしばしばお休みしてしまい重たい足を引きずり単位を落とさないためになんとか学校に通っている状況です、そんな私を支えてくれるのは推しの存在
支える,0.22136361582756184,現在もですね、学校がとても辛くしばしばお休みしてしまい重たい足を引きずり単位を落とさないためになんとか学校に通っている状況です、そんな私を支えてくれるのは推しの存在
状況,0.19171084157032597,現在もですね、学校がとても辛くしばしばお休みしてしまい重たい足を引きずり単位を落とさないためになんとか学校に通っている状況です、そんな私を支えてくれるのは推しの存在
現在,0.24490034687734363,現在もですね、学校がとても辛くしばしばお休みしてしまい重たい足を引きずり単位を落とさないためになんとか学校に通っている状況です、そんな私を支えてくれるのは推しの存在
落とす,0.24490034687734363,現在もですね、学校がとても辛くしばしばお休みしてしまい重たい足を引きずり単位を落とさないためになんとか学校に通っている状況です、そんな私を支えてくれるのは推しの存在
辛い,0.20466403938623928,現在もですね、学校がとても辛くしばしばお休みしてしまい重たい足を引きずり単位を落とさないためになんとか学校に通っている状況です、そんな私を支えてくれるのは推しの存在
通う,0.24490034687734363,現在もですね、学校がとても辛くしばしばお休みしてしまい重たい足を引きずり単位を落とさないためになんとか学校に通っている状況です、そんな私を支えてくれるのは推しの存在
重たい,0.24490034687734363,現在もですね、学校がとても辛くしばしばお休みしてしまい重たい足を引きずり単位を落とさないためになんとか学校に通っている状況です、そんな私を支えてくれるのは推しの存在
あれ,0.15828580949796286,推しが頑張ってる姿輝いている姿を見て彼らに会いたい支えたいという思いや彼らのような素敵な人になりたいと憧れが今の私を奮い立たせる力になってますっていうファンの声があり、こんなにこうちょっとこう神のようなあれですけど、深く心の支えになってるのかジャニーズのアイドルかあってファンの方にとってはっていう風にちょっと驚いた
せる,0.1934480197738855,推しが頑張ってる姿輝いている姿を見て彼らに会いたい支えたいという思いや彼らのような素敵な人になりたいと憧れが今の私を奮い立たせる力になってますっていうファンの声があり、こんなにこうちょっとこう神のようなあれですけど、深く心の支えになってるのかジャニーズのアイドルかあってファンの方にとってはっていう風にちょっと驚いた
よう,0.30093200083031824,推しが頑張ってる姿輝いている姿を見て彼らに会いたい支えたいという思いや彼らのような素敵な人になりたいと憧れが今の私を奮い立たせる力になってますっていうファンの声があり、こんなにこうちょっとこう神のようなあれですけど、深く心の支えになってるのかジャニーズのアイドルかあってファンの方にとってはっていう風にちょっと驚いた
アイドル,0.15046600041515912,推しが頑張ってる姿輝いている姿を見て彼らに会いたい支えたいという思いや彼らのような素敵な人になりたいと憧れが今の私を奮い立たせる力になってますっていうファンの声があり、こんなにこうちょっとこう神のようなあれですけど、深く心の支えになってるのかジャニーズのアイドルかあってファンの方にとってはっていう風にちょっと驚いた
ジャ,0.119063165021042,推しが頑張ってる姿輝いている姿を見て彼らに会いたい支えたいという思いや彼らのような素敵な人になりたいと憧れが今の私を奮い立たせる力になってますっていうファンの声があり、こんなにこうちょっとこう神のようなあれですけど、深く心の支えになってるのかジャニーズのアイドルかあってファンの方にとってはっていう風にちょっと驚いた
ニーズ,0.119063165021042,推しが頑張ってる姿輝いている姿を見て彼らに会いたい支えたいという思いや彼らのような素敵な人になりたいと憧れが今の私を奮い立たせる力になってますっていうファンの声があり、こんなにこうちょっとこう神のようなあれですけど、深く心の支えになってるのかジャニーズのアイドルかあってファンの方にとってはっていう風にちょっと驚いた
ファン,0.26474494061954096,推しが頑張ってる姿輝いている姿を見て彼らに会いたい支えたいという思いや彼らのような素敵な人になりたいと憧れが今の私を奮い立たせる力になってますっていうファンの声があり、こんなにこうちょっとこう神のようなあれですけど、深く心の支えになってるのかジャニーズのアイドルかあってファンの方にとってはっていう風にちょっと驚いた
会う,0.2140165942277724,推しが頑張ってる姿輝いている姿を見て彼らに会いたい支えたいという思いや彼らのような素敵な人になりたいと憧れが今の私を奮い立たせる力になってますっていうファンの声があり、こんなにこうちょっとこう神のようなあれですけど、深く心の支えになってるのかジャニーズのアイドルかあってファンの方にとってはっていう風にちょっと驚いた
奮い立つ,0.2140165942277724,推しが頑張ってる姿輝いている姿を見て彼らに会いたい支えたいという思いや彼らのような素敵な人になりたいと憧れが今の私を奮い立たせる力になってますっていうファンの声があり、こんなにこうちょっとこう神のようなあれですけど、深く心の支えになってるのかジャニーズのアイドルかあってファンの方にとってはっていう風にちょっと驚いた
彼ら,0.4280331884555448,推しが頑張ってる姿輝いている姿を見て彼らに会いたい支えたいという思いや彼らのような素敵な人になりたいと憧れが今の私を奮い立たせる力になってますっていうファンの声があり、こんなにこうちょっとこう神のようなあれですけど、深く心の支えになってるのかジャニーズのアイドルかあってファンの方にとってはっていう風にちょっと驚いた
思い,0.1934480197738855,推しが頑張ってる姿輝いている姿を見て彼らに会いたい支えたいという思いや彼らのような素敵な人になりたいと憧れが今の私を奮い立たせる力になってますっていうファンの声があり、こんなにこうちょっとこう神のようなあれですけど、深く心の支えになってるのかジャニーズのアイドルかあってファンの方にとってはっていう風にちょっと驚いた
憧れる,0.2140165942277724,推しが頑張ってる姿輝いている姿を見て彼らに会いたい支えたいという思いや彼らのような素敵な人になりたいと憧れが今の私を奮い立たせる力になってますっていうファンの声があり、こんなにこうちょっとこう神のようなあれですけど、深く心の支えになってるのかジャニーズのアイドルかあってファンの方にとってはっていう風にちょっと驚いた
推す,0.1934480197738855,推しが頑張ってる姿輝いている姿を見て彼らに会いたい支えたいという思いや彼らのような素敵な人になりたいと憧れが今の私を奮い立たせる力になってますっていうファンの声があり、こんなにこうちょっとこう神のようなあれですけど、深く心の支えになってるのかジャニーズのアイドルかあってファンの方にとってはっていう風にちょっと驚いた
支え,0.2140165942277724,推しが頑張ってる姿輝いている姿を見て彼らに会いたい支えたいという思いや彼らのような素敵な人になりたいと憧れが今の私を奮い立たせる力になってますっていうファンの声があり、こんなにこうちょっとこう神のようなあれですけど、深く心の支えになってるのかジャニーズのアイドルかあってファンの方にとってはっていう風にちょっと驚いた
支える,0.1934480197738855,推しが頑張ってる姿輝いている姿を見て彼らに会いたい支えたいという思いや彼らのような素敵な人になりたいと憧れが今の私を奮い立たせる力になってますっていうファンの声があり、こんなにこうちょっとこう神のようなあれですけど、深く心の支えになってるのかジャニーズのアイドルかあってファンの方にとってはっていう風にちょっと驚いた
深い,0.2140165942277724,推しが頑張ってる姿輝いている姿を見て彼らに会いたい支えたいという思いや彼らのような素敵な人になりたいと憧れが今の私を奮い立たせる力になってますっていうファンの声があり、こんなにこうちょっとこう神のようなあれですけど、深く心の支えになってるのかジャニーズのアイドルかあってファンの方にとってはっていう風にちょっと驚いた
素敵,0.2140165942277724,推しが頑張ってる姿輝いている姿を見て彼らに会いたい支えたいという思いや彼らのような素敵な人になりたいと憧れが今の私を奮い立たせる力になってますっていうファンの声があり、こんなにこうちょっとこう神のようなあれですけど、深く心の支えになってるのかジャニーズのアイドルかあってファンの方にとってはっていう風にちょっと驚いた
見る,0.17885438395184972,推しが頑張ってる姿輝いている姿を見て彼らに会いたい支えたいという思いや彼らのような素敵な人になりたいと憧れが今の私を奮い立たせる力になってますっていうファンの声があり、こんなにこうちょっとこう神のようなあれですけど、深く心の支えになってるのかジャニーズのアイドルかあってファンの方にとってはっていう風にちょっと驚いた
輝く,0.2140165942277724,推しが頑張ってる姿輝いている姿を見て彼らに会いたい支えたいという思いや彼らのような素敵な人になりたいと憧れが今の私を奮い立たせる力になってますっていうファンの声があり、こんなにこうちょっとこう神のようなあれですけど、深く心の支えになってるのかジャニーズのアイドルかあってファンの方にとってはっていう風にちょっと驚いた
頑張る,0.17885438395184972,推しが頑張ってる姿輝いている姿を見て彼らに会いたい支えたいという思いや彼らのような素敵な人になりたいと憧れが今の私を奮い立たせる力になってますっていうファンの声があり、こんなにこうちょっとこう神のようなあれですけど、深く心の支えになってるのかジャニーズのアイドルかあってファンの方にとってはっていう風にちょっと驚いた
驚く,0.2140165942277724,推しが頑張ってる姿輝いている姿を見て彼らに会いたい支えたいという思いや彼らのような素敵な人になりたいと憧れが今の私を奮い立たせる力になってますっていうファンの声があり、こんなにこうちょっとこう神のようなあれですけど、深く心の支えになってるのかジャニーズのアイドルかあってファンの方にとってはっていう風にちょっと驚いた
しれる,0.3242162667217671,その声を読んであったんですけどその真剣なファンにとってのジャニーズのアイドルに限らないかもしれないですけど、アイドルというものはどんな存在なんですか
もの,0.28078586045702036,その声を読んであったんですけどその真剣なファンにとってのジャニーズのアイドルに限らないかもしれないですけど、アイドルというものはどんな存在なんですか
アイドル,0.5043579663434142,その声を読んであったんですけどその真剣なファンにとってのジャニーズのアイドルに限らないかもしれないですけど、アイドルというものはどんな存在なんですか
ジャ,0.19954825545549998,その声を読んであったんですけどその真剣なファンにとってのジャニーズのアイドルに限らないかもしれないですけど、アイドルというものはどんな存在なんですか
ニーズ,0.19954825545549998,その声を読んであったんですけどその真剣なファンにとってのジャニーズのアイドルに限らないかもしれないですけど、アイドルというものはどんな存在なんですか
ファン,0.22185447124626162,その声を読んであったんですけどその真剣なファンにとってのジャニーズのアイドルに限らないかもしれないですけど、アイドルというものはどんな存在なんですか
存在,0.2652848775110084,その声を読んであったんですけどその真剣なファンにとってのジャニーズのアイドルに限らないかもしれないですけど、アイドルというものはどんな存在なんですか
真剣,0.3586889195254643,その声を読んであったんですけどその真剣なファンにとってのジャニーズのアイドルに限らないかもしれないですけど、アイドルというものはどんな存在なんですか
読む,0.3586889195254643,その声を読んであったんですけどその真剣なファンにとってのジャニーズのアイドルに限らないかもしれないですけど、アイドルというものはどんな存在なんですか
限る,0.3242162667217671,その声を読んであったんですけどその真剣なファンにとってのジャニーズのアイドルに限らないかもしれないですけど、アイドルというものはどんな存在なんですか
すごい,0.20648896878054687,なんかその人それぞれアイドルを好きになるタイミングってあると思うんですけど、その例えば好きになった時に自分が抱えていた葛藤とかまたその好きになってからジャニーズってすごいたくさんの歌を歌っているので、例えばその受験の時にずっとこの曲を聴いていたとかあの辛い時にこの曲で励まされたとかすごい大変だったけどコンサートに行って明日からも頑張ろうねって言われたら頑張れるみたいな
それぞれ,0.19163318825275735,なんかその人それぞれアイドルを好きになるタイミングってあると思うんですけど、その例えば好きになった時に自分が抱えていた葛藤とかまたその好きになってからジャニーズってすごいたくさんの歌を歌っているので、例えばその受験の時にずっとこの曲を聴いていたとかあの辛い時にこの曲で励まされたとかすごい大変だったけどコンサートに行って明日からも頑張ろうねって言われたら頑張れるみたいな
たくさん,0.1732158243346231,なんかその人それぞれアイドルを好きになるタイミングってあると思うんですけど、その例えば好きになった時に自分が抱えていた葛藤とかまたその好きになってからジャニーズってすごいたくさんの歌を歌っているので、例えばその受験の時にずっとこの曲を聴いていたとかあの辛い時にこの曲で励まされたとかすごい大変だったけどコンサートに行って明日からも頑張ろうねって言われたら頑張れるみたいな
みたい,0.1347291759652528,なんかその人それぞれアイドルを好きになるタイミングってあると思うんですけど、その例えば好きになった時に自分が抱えていた葛藤とかまたその好きになってからジャニーズってすごいたくさんの歌を歌っているので、例えばその受験の時にずっとこの曲を聴いていたとかあの辛い時にこの曲で励まされたとかすごい大変だったけどコンサートに行って明日からも頑張ろうねって言われたら頑張れるみたいな
アイドル,0.1347291759652528,なんかその人それぞれアイドルを好きになるタイミングってあると思うんですけど、その例えば好きになった時に自分が抱えていた葛藤とかまたその好きになってからジャニーズってすごいたくさんの歌を歌っているので、例えばその受験の時にずっとこの曲を聴いていたとかあの辛い時にこの曲で励まされたとかすごい大変だったけどコンサートに行って明日からも頑張ろうねって言われたら頑張れるみたいな
コンサート,0.1732158243346231,なんかその人それぞれアイドルを好きになるタイミングってあると思うんですけど、その例えば好きになった時に自分が抱えていた葛藤とかまたその好きになってからジャニーズってすごいたくさんの歌を歌っているので、例えばその受験の時にずっとこの曲を聴いていたとかあの辛い時にこの曲で励まされたとかすごい大変だったけどコンサートに行って明日からも頑張ろうねって言われたら頑張れるみたいな
ジャ,0.10661067661026083,なんかその人それぞれアイドルを好きになるタイミングってあると思うんですけど、その例えば好きになった時に自分が抱えていた葛藤とかまたその好きになってからジャニーズってすごいたくさんの歌を歌っているので、例えばその受験の時にずっとこの曲を聴いていたとかあの辛い時にこの曲で励まされたとかすごい大変だったけどコンサートに行って明日からも頑張ろうねって言われたら頑張れるみたいな
タイミング,0.19163318825275735,なんかその人それぞれアイドルを好きになるタイミングってあると思うんですけど、その例えば好きになった時に自分が抱えていた葛藤とかまたその好きになってからジャニーズってすごいたくさんの歌を歌っているので、例えばその受験の時にずっとこの曲を聴いていたとかあの辛い時にこの曲で励まされたとかすごい大変だったけどコンサートに行って明日からも頑張ろうねって言われたら頑張れるみたいな
ニーズ,0.10661067661026083,なんかその人それぞれアイドルを好きになるタイミングってあると思うんですけど、その例えば好きになった時に自分が抱えていた葛藤とかまたその好きになってからジャニーズってすごいたくさんの歌を歌っているので、例えばその受験の時にずっとこの曲を聴いていたとかあの辛い時にこの曲で励まされたとかすごい大変だったけどコンサートに行って明日からも頑張ろうねって言われたら頑張れるみたいな
励ます,0.19163318825275735,なんかその人それぞれアイドルを好きになるタイミングってあると思うんですけど、その例えば好きになった時に自分が抱えていた葛藤とかまたその好きになってからジャニーズってすごいたくさんの歌を歌っているので、例えばその受験の時にずっとこの曲を聴いていたとかあの辛い時にこの曲で励まされたとかすごい大変だったけどコンサートに行って明日からも頑張ろうねって言われたら頑張れるみたいな
受験,0.19163318825275735,なんかその人それぞれアイドルを好きになるタイミングってあると思うんですけど、その例えば好きになった時に自分が抱えていた葛藤とかまたその好きになってからジャニーズってすごいたくさんの歌を歌っているので、例えばその受験の時にずっとこの曲を聴いていたとかあの辛い時にこの曲で励まされたとかすごい大変だったけどコンサートに行って明日からも頑張ろうねって言われたら頑張れるみたいな
大変,0.19163318825275735,なんかその人それぞれアイドルを好きになるタイミングってあると思うんですけど、その例えば好きになった時に自分が抱えていた葛藤とかまたその好きになってからジャニーズってすごいたくさんの歌を歌っているので、例えばその受験の時にずっとこの曲を聴いていたとかあの辛い時にこの曲で励まされたとかすごい大変だったけどコンサートに行って明日からも頑張ろうねって言われたら頑張れるみたいな
好き,0.5748995647582721,なんかその人それぞれアイドルを好きになるタイミングってあると思うんですけど、その例えば好きになった時に自分が抱えていた葛藤とかまたその好きになってからジャニーズってすごいたくさんの歌を歌っているので、例えばその受験の時にずっとこの曲を聴いていたとかあの辛い時にこの曲で励まされたとかすごい大変だったけどコンサートに行って明日からも頑張ろうねって言われたら頑張れるみたいな
思う,0.08271405071523039,なんかその人それぞれアイドルを好きになるタイミングってあると思うんですけど、その例えば好きになった時に自分が抱えていた葛藤とかまたその好きになってからジャニーズってすごいたくさんの歌を歌っているので、例えばその受験の時にずっとこの曲を聴いていたとかあの辛い時にこの曲で励まされたとかすごい大変だったけどコンサートに行って明日からも頑張ろうねって言われたら頑張れるみたいな
抱える,0.1732158243346231,なんかその人それぞれアイドルを好きになるタイミングってあると思うんですけど、その例えば好きになった時に自分が抱えていた葛藤とかまたその好きになってからジャニーズってすごいたくさんの歌を歌っているので、例えばその受験の時にずっとこの曲を聴いていたとかあの辛い時にこの曲で励まされたとかすごい大変だったけどコンサートに行って明日からも頑張ろうねって言われたら頑張れるみたいな
明日,0.1732158243346231,なんかその人それぞれアイドルを好きになるタイミングってあると思うんですけど、その例えば好きになった時に自分が抱えていた葛藤とかまたその好きになってからジャニーズってすごいたくさんの歌を歌っているので、例えばその受験の時にずっとこの曲を聴いていたとかあの辛い時にこの曲で励まされたとかすごい大変だったけどコンサートに行って明日からも頑張ろうねって言われたら頑張れるみたいな
歌う,0.1732158243346231,なんかその人それぞれアイドルを好きになるタイミングってあると思うんですけど、その例えば好きになった時に自分が抱えていた葛藤とかまたその好きになってからジャニーズってすごいたくさんの歌を歌っているので、例えばその受験の時にずっとこの曲を聴いていたとかあの辛い時にこの曲で励まされたとかすごい大変だったけどコンサートに行って明日からも頑張ろうねって言われたら頑張れるみたいな
聴く,0.19163318825275735,なんかその人それぞれアイドルを好きになるタイミングってあると思うんですけど、その例えば好きになった時に自分が抱えていた葛藤とかまたその好きになってからジャニーズってすごいたくさんの歌を歌っているので、例えばその受験の時にずっとこの曲を聴いていたとかあの辛い時にこの曲で励まされたとかすごい大変だったけどコンサートに行って明日からも頑張ろうねって言われたら頑張れるみたいな
自分,0.1732158243346231,なんかその人それぞれアイドルを好きになるタイミングってあると思うんですけど、その例えば好きになった時に自分が抱えていた葛藤とかまたその好きになってからジャニーズってすごいたくさんの歌を歌っているので、例えばその受験の時にずっとこの曲を聴いていたとかあの辛い時にこの曲で励まされたとかすごい大変だったけどコンサートに行って明日からも頑張ろうねって言われたら頑張れるみたいな
葛藤,0.1732158243346231,なんかその人それぞれアイドルを好きになるタイミングってあると思うんですけど、その例えば好きになった時に自分が抱えていた葛藤とかまたその好きになってからジャニーズってすごいたくさんの歌を歌っているので、例えばその受験の時にずっとこの曲を聴いていたとかあの辛い時にこの曲で励まされたとかすごい大変だったけどコンサートに行って明日からも頑張ろうねって言われたら頑張れるみたいな
行く,0.1500126899009287,なんかその人それぞれアイドルを好きになるタイミングってあると思うんですけど、その例えば好きになった時に自分が抱えていた葛藤とかまたその好きになってからジャニーズってすごいたくさんの歌を歌っているので、例えばその受験の時にずっとこの曲を聴いていたとかあの辛い時にこの曲で励まされたとかすごい大変だったけどコンサートに行って明日からも頑張ろうねって言われたら頑張れるみたいな
言う,0.14173113275964372,なんかその人それぞれアイドルを好きになるタイミングってあると思うんですけど、その例えば好きになった時に自分が抱えていた葛藤とかまたその好きになってからジャニーズってすごいたくさんの歌を歌っているので、例えばその受験の時にずっとこの曲を聴いていたとかあの辛い時にこの曲で励まされたとかすごい大変だったけどコンサートに行って明日からも頑張ろうねって言われたら頑張れるみたいな
辛い,0.16014849667777797,なんかその人それぞれアイドルを好きになるタイミングってあると思うんですけど、その例えば好きになった時に自分が抱えていた葛藤とかまたその好きになってからジャニーズってすごいたくさんの歌を歌っているので、例えばその受験の時にずっとこの曲を聴いていたとかあの辛い時にこの曲で励まされたとかすごい大変だったけどコンサートに行って明日からも頑張ろうねって言われたら頑張れるみたいな
頑張る,0.16014849667777797,なんかその人それぞれアイドルを好きになるタイミングってあると思うんですけど、その例えば好きになった時に自分が抱えていた葛藤とかまたその好きになってからジャニーズってすごいたくさんの歌を歌っているので、例えばその受験の時にずっとこの曲を聴いていたとかあの辛い時にこの曲で励まされたとかすごい大変だったけどコンサートに行って明日からも頑張ろうねって言われたら頑張れるみたいな
頑張れる,0.19163318825275735,なんかその人それぞれアイドルを好きになるタイミングってあると思うんですけど、その例えば好きになった時に自分が抱えていた葛藤とかまたその好きになってからジャニーズってすごいたくさんの歌を歌っているので、例えばその受験の時にずっとこの曲を聴いていたとかあの辛い時にこの曲で励まされたとかすごい大変だったけどコンサートに行って明日からも頑張ろうねって言われたら頑張れるみたいな
くれる,0.464063418849479,こうその時々の自分の状況を後押ししてくれる存在なんですよね
存在,0.37971261735757494,こうその時々の自分の状況を後押ししてくれる存在なんですよね
後押し,0.513405474628017,こうその時々の自分の状況を後押ししてくれる存在なんですよね
状況,0.4018997803096022,こうその時々の自分の状況を後押ししてくれる存在なんですよね
自分,0.464063418849479,こうその時々の自分の状況を後押ししてくれる存在なんですよね
いく,0.33820811436631354,だからその例えばテレビでとかでも何回も歌ってる曲とかもファンにとってはあの時ここで歌っていた曲をまた聞けたとかあの辛い時に聞いてた曲を今聞くとすごい楽しい気持ちで聞けるみたいなこともあったりするし、本当にこう人生を共に過ごしていく中でまでそのアイドルもタレント自身も変化していくので、なんかこう昔はこういう風に言ってたのに今こういう風に考えてるんだみたいなのも目の当たりにすると私もそういう風に成長していきたいなみたいに思ったりもしますし、なんかこうすごく身近で全力で頑張っている存在みたいな感じですかね
ここ,0.1603510617618194,だからその例えばテレビでとかでも何回も歌ってる曲とかもファンにとってはあの時ここで歌っていた曲をまた聞けたとかあの辛い時に聞いてた曲を今聞くとすごい楽しい気持ちで聞けるみたいなこともあったりするし、本当にこう人生を共に過ごしていく中でまでそのアイドルもタレント自身も変化していくので、なんかこう昔はこういう風に言ってたのに今こういう風に考えてるんだみたいなのも目の当たりにすると私もそういう風に成長していきたいなみたいに思ったりもしますし、なんかこうすごく身近で全力で頑張っている存在みたいな感じですかね
すごい,0.17278179050275988,だからその例えばテレビでとかでも何回も歌ってる曲とかもファンにとってはあの時ここで歌っていた曲をまた聞けたとかあの辛い時に聞いてた曲を今聞くとすごい楽しい気持ちで聞けるみたいなこともあったりするし、本当にこう人生を共に過ごしていく中でまでそのアイドルもタレント自身も変化していくので、なんかこう昔はこういう風に言ってたのに今こういう風に考えてるんだみたいなのも目の当たりにすると私もそういう風に成長していきたいなみたいに思ったりもしますし、なんかこうすごく身近で全力で頑張っている存在みたいな感じですかね
みたい,0.45094415248841807,だからその例えばテレビでとかでも何回も歌ってる曲とかもファンにとってはあの時ここで歌っていた曲をまた聞けたとかあの辛い時に聞いてた曲を今聞くとすごい楽しい気持ちで聞けるみたいなこともあったりするし、本当にこう人生を共に過ごしていく中でまでそのアイドルもタレント自身も変化していくので、なんかこう昔はこういう風に言ってたのに今こういう風に考えてるんだみたいなのも目の当たりにすると私もそういう風に成長していきたいなみたいに思ったりもしますし、なんかこうすごく身近で全力で頑張っている存在みたいな感じですかね
アイドル,0.11273603812210452,だからその例えばテレビでとかでも何回も歌ってる曲とかもファンにとってはあの時ここで歌っていた曲をまた聞けたとかあの辛い時に聞いてた曲を今聞くとすごい楽しい気持ちで聞けるみたいなこともあったりするし、本当にこう人生を共に過ごしていく中でまでそのアイドルもタレント自身も変化していくので、なんかこう昔はこういう風に言ってたのに今こういう風に考えてるんだみたいなのも目の当たりにすると私もそういう風に成長していきたいなみたいに思ったりもしますし、なんかこうすごく身近で全力で頑張っている存在みたいな感じですかね
タレント,0.1340059188910948,だからその例えばテレビでとかでも何回も歌ってる曲とかもファンにとってはあの時ここで歌っていた曲をまた聞けたとかあの辛い時に聞いてた曲を今聞くとすごい楽しい気持ちで聞けるみたいなこともあったりするし、本当にこう人生を共に過ごしていく中でまでそのアイドルもタレント自身も変化していくので、なんかこう昔はこういう風に言ってたのに今こういう風に考えてるんだみたいなのも目の当たりにすると私もそういう風に成長していきたいなみたいに思ったりもしますし、なんかこうすごく身近で全力で頑張っている存在みたいな感じですかね
テレビ,0.1603510617618194,だからその例えばテレビでとかでも何回も歌ってる曲とかもファンにとってはあの時ここで歌っていた曲をまた聞けたとかあの辛い時に聞いてた曲を今聞くとすごい楽しい気持ちで聞けるみたいなこともあったりするし、本当にこう人生を共に過ごしていく中でまでそのアイドルもタレント自身も変化していくので、なんかこう昔はこういう風に言ってたのに今こういう風に考えてるんだみたいなのも目の当たりにすると私もそういう風に成長していきたいなみたいに思ったりもしますし、なんかこうすごく身近で全力で頑張っている存在みたいな感じですかね
ファン,0.09917953436646249,だからその例えばテレビでとかでも何回も歌ってる曲とかもファンにとってはあの時ここで歌っていた曲をまた聞けたとかあの辛い時に聞いてた曲を今聞くとすごい楽しい気持ちで聞けるみたいなこともあったりするし、本当にこう人生を共に過ごしていく中でまでそのアイドルもタレント自身も変化していくので、なんかこう昔はこういう風に言ってたのに今こういう風に考えてるんだみたいなのも目の当たりにすると私もそういう風に成長していきたいなみたいに思ったりもしますし、なんかこうすごく身近で全力で頑張っている存在みたいな感じですかね
人生,0.1603510617618194,だからその例えばテレビでとかでも何回も歌ってる曲とかもファンにとってはあの時ここで歌っていた曲をまた聞けたとかあの辛い時に聞いてた曲を今聞くとすごい楽しい気持ちで聞けるみたいなこともあったりするし、本当にこう人生を共に過ごしていく中でまでそのアイドルもタレント自身も変化していくので、なんかこう昔はこういう風に言ってたのに今こういう風に考えてるんだみたいなのも目の当たりにすると私もそういう風に成長していきたいなみたいに思ったりもしますし、なんかこうすごく身近で全力で頑張っている存在みたいな感じですかね
全力,0.14494014110630418,だからその例えばテレビでとかでも何回も歌ってる曲とかもファンにとってはあの時ここで歌っていた曲をまた聞けたとかあの辛い時に聞いてた曲を今聞くとすごい楽しい気持ちで聞けるみたいなこともあったりするし、本当にこう人生を共に過ごしていく中でまでそのアイドルもタレント自身も変化していくので、なんかこう昔はこういう風に言ってたのに今こういう風に考えてるんだみたいなのも目の当たりにすると私もそういう風に成長していきたいなみたいに思ったりもしますし、なんかこうすごく身近で全力で頑張っている存在みたいな感じですかね
変化,0.1603510617618194,だからその例えばテレビでとかでも何回も歌ってる曲とかもファンにとってはあの時ここで歌っていた曲をまた聞けたとかあの辛い時に聞いてた曲を今聞くとすごい楽しい気持ちで聞けるみたいなこともあったりするし、本当にこう人生を共に過ごしていく中でまでそのアイドルもタレント自身も変化していくので、なんかこう昔はこういう風に言ってたのに今こういう風に考えてるんだみたいなのも目の当たりにすると私もそういう風に成長していきたいなみたいに思ったりもしますし、なんかこうすごく身近で全力で頑張っている存在みたいな感じですかね
存在,0.1185949982355796,だからその例えばテレビでとかでも何回も歌ってる曲とかもファンにとってはあの時ここで歌っていた曲をまた聞けたとかあの辛い時に聞いてた曲を今聞くとすごい楽しい気持ちで聞けるみたいなこともあったりするし、本当にこう人生を共に過ごしていく中でまでそのアイドルもタレント自身も変化していくので、なんかこう昔はこういう風に言ってたのに今こういう風に考えてるんだみたいなのも目の当たりにすると私もそういう風に成長していきたいなみたいに思ったりもしますし、なんかこうすごく身近で全力で頑張っている存在みたいな感じですかね
思う,0.0692118415173178,だからその例えばテレビでとかでも何回も歌ってる曲とかもファンにとってはあの時ここで歌っていた曲をまた聞けたとかあの辛い時に聞いてた曲を今聞くとすごい楽しい気持ちで聞けるみたいなこともあったりするし、本当にこう人生を共に過ごしていく中でまでそのアイドルもタレント自身も変化していくので、なんかこう昔はこういう風に言ってたのに今こういう風に考えてるんだみたいなのも目の当たりにすると私もそういう風に成長していきたいなみたいに思ったりもしますし、なんかこうすごく身近で全力で頑張っている存在みたいな感じですかね
感じ,0.14494014110630418,だからその例えばテレビでとかでも何回も歌ってる曲とかもファンにとってはあの時ここで歌っていた曲をまた聞けたとかあの辛い時に聞いてた曲を今聞くとすごい楽しい気持ちで聞けるみたいなこともあったりするし、本当にこう人生を共に過ごしていく中でまでそのアイドルもタレント自身も変化していくので、なんかこう昔はこういう風に言ってたのに今こういう風に考えてるんだみたいなのも目の当たりにすると私もそういう風に成長していきたいなみたいに思ったりもしますし、なんかこうすごく身近で全力で頑張っている存在みたいな感じですかね
成長,0.1603510617618194,だからその例えばテレビでとかでも何回も歌ってる曲とかもファンにとってはあの時ここで歌っていた曲をまた聞けたとかあの辛い時に聞いてた曲を今聞くとすごい楽しい気持ちで聞けるみたいなこともあったりするし、本当にこう人生を共に過ごしていく中でまでそのアイドルもタレント自身も変化していくので、なんかこう昔はこういう風に言ってたのに今こういう風に考えてるんだみたいなのも目の当たりにすると私もそういう風に成長していきたいなみたいに思ったりもしますし、なんかこうすごく身近で全力で頑張っている存在みたいな感じですかね
楽しい,0.14494014110630418,だからその例えばテレビでとかでも何回も歌ってる曲とかもファンにとってはあの時ここで歌っていた曲をまた聞けたとかあの辛い時に聞いてた曲を今聞くとすごい楽しい気持ちで聞けるみたいなこともあったりするし、本当にこう人生を共に過ごしていく中でまでそのアイドルもタレント自身も変化していくので、なんかこう昔はこういう風に言ってたのに今こういう風に考えてるんだみたいなのも目の当たりにすると私もそういう風に成長していきたいなみたいに思ったりもしますし、なんかこうすごく身近で全力で頑張っている存在みたいな感じですかね
歌う,0.28988028221260836,だからその例えばテレビでとかでも何回も歌ってる曲とかもファンにとってはあの時ここで歌っていた曲をまた聞けたとかあの辛い時に聞いてた曲を今聞くとすごい楽しい気持ちで聞けるみたいなこともあったりするし、本当にこう人生を共に過ごしていく中でまでそのアイドルもタレント自身も変化していくので、なんかこう昔はこういう風に言ってたのに今こういう風に考えてるんだみたいなのも目の当たりにすると私もそういう風に成長していきたいなみたいに思ったりもしますし、なんかこうすごく身近で全力で頑張っている存在みたいな感じですかね
気持ち,0.1340059188910948,だからその例えばテレビでとかでも何回も歌ってる曲とかもファンにとってはあの時ここで歌っていた曲をまた聞けたとかあの辛い時に聞いてた曲を今聞くとすごい楽しい気持ちで聞けるみたいなこともあったりするし、本当にこう人生を共に過ごしていく中でまでそのアイドルもタレント自身も変化していくので、なんかこう昔はこういう風に言ってたのに今こういう風に考えてるんだみたいなのも目の当たりにすると私もそういう風に成長していきたいなみたいに思ったりもしますし、なんかこうすごく身近で全力で頑張っている存在みたいな感じですかね
考える,0.14494014110630418,だからその例えばテレビでとかでも何回も歌ってる曲とかもファンにとってはあの時ここで歌っていた曲をまた聞けたとかあの辛い時に聞いてた曲を今聞くとすごい楽しい気持ちで聞けるみたいなこともあったりするし、本当にこう人生を共に過ごしていく中でまでそのアイドルもタレント自身も変化していくので、なんかこう昔はこういう風に言ってたのに今こういう風に考えてるんだみたいなのも目の当たりにすると私もそういう風に成長していきたいなみたいに思ったりもしますし、なんかこうすごく身近で全力で頑張っている存在みたいな感じですかね
聞く,0.2371899964711592,だからその例えばテレビでとかでも何回も歌ってる曲とかもファンにとってはあの時ここで歌っていた曲をまた聞けたとかあの辛い時に聞いてた曲を今聞くとすごい楽しい気持ちで聞けるみたいなこともあったりするし、本当にこう人生を共に過ごしていく中でまでそのアイドルもタレント自身も変化していくので、なんかこう昔はこういう風に言ってたのに今こういう風に考えてるんだみたいなのも目の当たりにすると私もそういう風に成長していきたいなみたいに思ったりもしますし、なんかこうすごく身近で全力で頑張っている存在みたいな感じですかね
聞ける,0.3207021235236388,だからその例えばテレビでとかでも何回も歌ってる曲とかもファンにとってはあの時ここで歌っていた曲をまた聞けたとかあの辛い時に聞いてた曲を今聞くとすごい楽しい気持ちで聞けるみたいなこともあったりするし、本当にこう人生を共に過ごしていく中でまでそのアイドルもタレント自身も変化していくので、なんかこう昔はこういう風に言ってたのに今こういう風に考えてるんだみたいなのも目の当たりにすると私もそういう風に成長していきたいなみたいに思ったりもしますし、なんかこうすごく身近で全力で頑張っている存在みたいな感じですかね
自身,0.1340059188910948,だからその例えばテレビでとかでも何回も歌ってる曲とかもファンにとってはあの時ここで歌っていた曲をまた聞けたとかあの辛い時に聞いてた曲を今聞くとすごい楽しい気持ちで聞けるみたいなこともあったりするし、本当にこう人生を共に過ごしていく中でまでそのアイドルもタレント自身も変化していくので、なんかこう昔はこういう風に言ってたのに今こういう風に考えてるんだみたいなのも目の当たりにすると私もそういう風に成長していきたいなみたいに思ったりもしますし、なんかこうすごく身近で全力で頑張っている存在みたいな感じですかね
言う,0.1185949982355796,だからその例えばテレビでとかでも何回も歌ってる曲とかもファンにとってはあの時ここで歌っていた曲をまた聞けたとかあの辛い時に聞いてた曲を今聞くとすごい楽しい気持ちで聞けるみたいなこともあったりするし、本当にこう人生を共に過ごしていく中でまでそのアイドルもタレント自身も変化していくので、なんかこう昔はこういう風に言ってたのに今こういう風に考えてるんだみたいなのも目の当たりにすると私もそういう風に成長していきたいなみたいに思ったりもしますし、なんかこうすごく身近で全力で頑張っている存在みたいな感じですかね
身近,0.1603510617618194,だからその例えばテレビでとかでも何回も歌ってる曲とかもファンにとってはあの時ここで歌っていた曲をまた聞けたとかあの辛い時に聞いてた曲を今聞くとすごい楽しい気持ちで聞けるみたいなこともあったりするし、本当にこう人生を共に過ごしていく中でまでそのアイドルもタレント自身も変化していくので、なんかこう昔はこういう風に言ってたのに今こういう風に考えてるんだみたいなのも目の当たりにすると私もそういう風に成長していきたいなみたいに思ったりもしますし、なんかこうすごく身近で全力で頑張っている存在みたいな感じですかね
辛い,0.1340059188910948,だからその例えばテレビでとかでも何回も歌ってる曲とかもファンにとってはあの時ここで歌っていた曲をまた聞けたとかあの辛い時に聞いてた曲を今聞くとすごい楽しい気持ちで聞けるみたいなこともあったりするし、本当にこう人生を共に過ごしていく中でまでそのアイドルもタレント自身も変化していくので、なんかこう昔はこういう風に言ってたのに今こういう風に考えてるんだみたいなのも目の当たりにすると私もそういう風に成長していきたいなみたいに思ったりもしますし、なんかこうすごく身近で全力で頑張っている存在みたいな感じですかね
過ごす,0.1603510617618194,だからその例えばテレビでとかでも何回も歌ってる曲とかもファンにとってはあの時ここで歌っていた曲をまた聞けたとかあの辛い時に聞いてた曲を今聞くとすごい楽しい気持ちで聞けるみたいなこともあったりするし、本当にこう人生を共に過ごしていく中でまでそのアイドルもタレント自身も変化していくので、なんかこう昔はこういう風に言ってたのに今こういう風に考えてるんだみたいなのも目の当たりにすると私もそういう風に成長していきたいなみたいに思ったりもしますし、なんかこうすごく身近で全力で頑張っている存在みたいな感じですかね
頑張る,0.1340059188910948,だからその例えばテレビでとかでも何回も歌ってる曲とかもファンにとってはあの時ここで歌っていた曲をまた聞けたとかあの辛い時に聞いてた曲を今聞くとすごい楽しい気持ちで聞けるみたいなこともあったりするし、本当にこう人生を共に過ごしていく中でまでそのアイドルもタレント自身も変化していくので、なんかこう昔はこういう風に言ってたのに今こういう風に考えてるんだみたいなのも目の当たりにすると私もそういう風に成長していきたいなみたいに思ったりもしますし、なんかこうすごく身近で全力で頑張っている存在みたいな感じですかね
ライブ,0.7874274355355533,あのライブとか行かれたことはあるんですか
行く,0.6164073602463732,あのライブとか行かれたことはあるんですか
すごい,0.47430417394896424,やっぱすごい一体感というか
一体,0.8803610342209557,やっぱすごい一体感というか
すごい,1.0,すごいんですか
すごい,0.17020946818949034,すごいもちろん楽しいっていうのもありますし、いつ今のコンサートが最後のコンサートになるかわからないのでその本当にメンバーの脱退とかグループの解散とかってすぐに来るんですよね
わかる,0.2473118086695341,すごいもちろん楽しいっていうのもありますし、いつ今のコンサートが最後のコンサートになるかわからないのでその本当にメンバーの脱退とかグループの解散とかってすぐに来るんですよね
グループ,0.3159276086522953,すごいもちろん楽しいっていうのもありますし、いつ今のコンサートが最後のコンサートになるかわからないのでその本当にメンバーの脱退とかグループの解散とかってすぐに来るんですよね
コンサート,0.5711292669263006,すごいもちろん楽しいっていうのもありますし、いつ今のコンサートが最後のコンサートになるかわからないのでその本当にメンバーの脱退とかグループの解散とかってすぐに来るんですよね
メンバー,0.2855646334631503,すごいもちろん楽しいっていうのもありますし、いつ今のコンサートが最後のコンサートになるかわからないのでその本当にメンバーの脱退とかグループの解散とかってすぐに来るんですよね
最後,0.3159276086522953,すごいもちろん楽しいっていうのもありますし、いつ今のコンサートが最後のコンサートになるかわからないのでその本当にメンバーの脱退とかグループの解散とかってすぐに来るんですよね
来る,0.26402175972742786,すごいもちろん楽しいっていうのもありますし、いつ今のコンサートが最後のコンサートになるかわからないのでその本当にメンバーの脱退とかグループの解散とかってすぐに来るんですよね
楽しい,0.2855646334631503,すごいもちろん楽しいっていうのもありますし、いつ今のコンサートが最後のコンサートになるかわからないのでその本当にメンバーの脱退とかグループの解散とかってすぐに来るんですよね
脱退,0.2855646334631503,すごいもちろん楽しいっていうのもありますし、いつ今のコンサートが最後のコンサートになるかわからないのでその本当にメンバーの脱退とかグループの解散とかってすぐに来るんですよね
解散,0.26402175972742786,すごいもちろん楽しいっていうのもありますし、いつ今のコンサートが最後のコンサートになるかわからないのでその本当にメンバーの脱退とかグループの解散とかってすぐに来るんですよね
全力,0.7386129748133365,だからこそ今全力で応援したいっていう風に思います
応援,0.5745013068875477,だからこそ今全力で応援したいっていう風に思います
思う,0.3527025968459733,だからこそ今全力で応援したいっていう風に思います
今回,0.5333487358056077,今回のそのBBCが報じる前から解散って結構あったり脱退とか結構あったんですか
報じる,0.5333487358056077,今回のそのBBCが報じる前から解散って結構あったり脱退とか結構あったんですか
脱退,0.4820899854181086,今回のそのBBCが報じる前から解散って結構あったり脱退とか結構あったんですか
解散,0.4457213232376122,今回のそのBBCが報じる前から解散って結構あったり脱退とか結構あったんですか
詳しい,1.0,僕あんまり詳しくないですね
メンバー,0.46079407205171197,特にそのBBCのこととか性加害がどうっていうのに限らずメンバーの退所とか解散っていうのは全然よくあることです
加害,0.4260319644615913,特にそのBBCのこととか性加害がどうっていうのに限らずメンバーの退所とか解散っていうのは全然よくあることです
解散,0.4260319644615913,特にそのBBCのこととか性加害がどうっていうのに限らずメンバーの退所とか解散っていうのは全然よくあることです
退る,0.46079407205171197,特にそのBBCのこととか性加害がどうっていうのに限らずメンバーの退所とか解散っていうのは全然よくあることです
限る,0.46079407205171197,特にそのBBCのこととか性加害がどうっていうのに限らずメンバーの退所とか解散っていうのは全然よくあることです
しまう,0.5688204143050498,それをファンとしてはこうなんかそこで行かれてしまうのはどうなってしまうかわからないという気持ちがいつもあるそうですね
そう,0.3845480785135194,それをファンとしてはこうなんかそこで行かれてしまうのはどうなってしまうかわからないという気持ちがいつもあるそうですね
そこ,0.3475901696534875,それをファンとしてはこうなんかそこで行かれてしまうのはどうなってしまうかわからないという気持ちがいつもあるそうですね
それ,0.2581881535115943,それをファンとしてはこうなんかそこで行かれてしまうのはどうなってしまうかわからないという気持ちがいつもあるそうですね
わかる,0.30102871104956697,それをファンとしてはこうなんかそこで行かれてしまうのはどうなってしまうかわからないという気持ちがいつもあるそうですね
ファン,0.2378487485486044,それをファンとしてはこうなんかそこで行かれてしまうのはどうなってしまうかわからないという気持ちがいつもあるそうですね
気持ち,0.3213681160125568,それをファンとしてはこうなんかそこで行かれてしまうのはどうなってしまうかわからないという気持ちがいつもあるそうですね
行く,0.30102871104956697,それをファンとしてはこうなんかそこで行かれてしまうのはどうなってしまうかわからないという気持ちがいつもあるそうですね
ところ,0.37489839168573114,例えば別のところに退所して芸能活動を続けていても、その人はもうジャニーズの〇〇君ではないですよね
ジャ,0.2664319346857265,例えば別のところに退所して芸能活動を続けていても、その人はもうジャニーズの〇〇君ではないですよね
ニーズ,0.2664319346857265,例えば別のところに退所して芸能活動を続けていても、その人はもうジャニーズの〇〇君ではないですよね
活動,0.40022889980199555,例えば別のところに退所して芸能活動を続けていても、その人はもうジャニーズの〇〇君ではないですよね
続ける,0.37489839168573114,例えば別のところに退所して芸能活動を続けていても、その人はもうジャニーズの〇〇君ではないですよね
芸能,0.47891264477034695,例えば別のところに退所して芸能活動を続けていても、その人はもうジャニーズの〇〇君ではないですよね
退る,0.4328856045475544,例えば別のところに退所して芸能活動を続けていても、その人はもうジャニーズの〇〇君ではないですよね
いう,0.29854151762165315,やっぱりジャニーズのアイドルっていうのはそれは私はすごい特別だと思っていて、ジャニーズだから応援したいっていうのはすごくあります
すごい,0.4109354358793682,やっぱりジャニーズのアイドルっていうのはそれは私はすごい特別だと思っていて、ジャニーズだから応援したいっていうのはすごくあります
それ,0.2560549221784757,やっぱりジャニーズのアイドルっていうのはそれは私はすごい特別だと思っていて、ジャニーズだから応援したいっていうのはすごくあります
アイドル,0.2681256678161354,やっぱりジャニーズのアイドルっていうのはそれは私はすごい特別だと思っていて、ジャニーズだから応援したいっていうのはすごくあります
ジャ,0.4243336108554309,やっぱりジャニーズのアイドルっていうのはそれは私はすごい特別だと思っていて、ジャニーズだから応援したいっていうのはすごくあります
ニーズ,0.4243336108554309,やっぱりジャニーズのアイドルっていうのはそれは私はすごい特別だと思っていて、ジャニーズだから応援したいっていうのはすごくあります
応援,0.2681256678161354,やっぱりジャニーズのアイドルっていうのはそれは私はすごい特別だと思っていて、ジャニーズだから応援したいっていうのはすごくあります
思う,0.16460992896979176,やっぱりジャニーズのアイドルっていうのはそれは私はすごい特別だと思っていて、ジャニーズだから応援したいっていうのはすごくあります
特別,0.3813708219313783,やっぱりジャニーズのアイドルっていうのはそれは私はすごい特別だと思っていて、ジャニーズだから応援したいっていうのはすごくあります
あれ,0.13296608251084666,全く同じものを見たかどうかあれなんですけど、もしくはカウアン岡本君がArc Timesかなんかに出て喋った長いインタビューの動画の中でどういうふうにこうジャニー喜多川氏に気に入られると個人的に表舞台の方に上がっていけるかみたいな話があって、僕はそれを聞いた時になんていい加減な世界なんだろうとちょっと思ってしまったっていうか、本当にこう彼が愛すると急に明日から表舞台のメインのところにボーンと立たせられるみたいな
いい加減,0.17978205511307452,全く同じものを見たかどうかあれなんですけど、もしくはカウアン岡本君がArc Timesかなんかに出て喋った長いインタビューの動画の中でどういうふうにこうジャニー喜多川氏に気に入られると個人的に表舞台の方に上がっていけるかみたいな話があって、僕はそれを聞いた時になんていい加減な世界なんだろうとちょっと思ってしまったっていうか、本当にこう彼が愛すると急に明日から表舞台のメインのところにボーンと立たせられるみたいな
いける,0.17978205511307452,全く同じものを見たかどうかあれなんですけど、もしくはカウアン岡本君がArc Timesかなんかに出て喋った長いインタビューの動画の中でどういうふうにこうジャニー喜多川氏に気に入られると個人的に表舞台の方に上がっていけるかみたいな話があって、僕はそれを聞いた時になんていい加減な世界なんだろうとちょっと思ってしまったっていうか、本当にこう彼が愛すると急に明日から表舞台のメインのところにボーンと立たせられるみたいな
しまう,0.13296608251084666,全く同じものを見たかどうかあれなんですけど、もしくはカウアン岡本君がArc Timesかなんかに出て喋った長いインタビューの動画の中でどういうふうにこうジャニー喜多川氏に気に入られると個人的に表舞台の方に上がっていけるかみたいな話があって、僕はそれを聞いた時になんていい加減な世界なんだろうとちょっと思ってしまったっていうか、本当にこう彼が愛すると急に明日から表舞台のメインのところにボーンと立たせられるみたいな
せる,0.16250367256797837,全く同じものを見たかどうかあれなんですけど、もしくはカウアン岡本君がArc Timesかなんかに出て喋った長いインタビューの動画の中でどういうふうにこうジャニー喜多川氏に気に入られると個人的に表舞台の方に上がっていけるかみたいな話があって、僕はそれを聞いた時になんていい加減な世界なんだろうとちょっと思ってしまったっていうか、本当にこう彼が愛すると急に明日から表舞台のメインのところにボーンと立たせられるみたいな
それ,0.1207068749988111,全く同じものを見たかどうかあれなんですけど、もしくはカウアン岡本君がArc Timesかなんかに出て喋った長いインタビューの動画の中でどういうふうにこうジャニー喜多川氏に気に入られると個人的に表舞台の方に上がっていけるかみたいな話があって、僕はそれを聞いた時になんていい加減な世界なんだろうとちょっと思ってしまったっていうか、本当にこう彼が愛すると急に明日から表舞台のメインのところにボーンと立たせられるみたいな
ところ,0.1407354849612865,全く同じものを見たかどうかあれなんですけど、もしくはカウアン岡本君がArc Timesかなんかに出て喋った長いインタビューの動画の中でどういうふうにこうジャニー喜多川氏に気に入られると個人的に表舞台の方に上がっていけるかみたいな話があって、僕はそれを聞いた時になんていい加減な世界なんだろうとちょっと思ってしまったっていうか、本当にこう彼が愛すると急に明日から表舞台のメインのところにボーンと立たせられるみたいな
なん,0.16250367256797837,全く同じものを見たかどうかあれなんですけど、もしくはカウアン岡本君がArc Timesかなんかに出て喋った長いインタビューの動画の中でどういうふうにこうジャニー喜多川氏に気に入られると個人的に表舞台の方に上がっていけるかみたいな話があって、僕はそれを聞いた時になんていい加減な世界なんだろうとちょっと思ってしまったっていうか、本当にこう彼が愛すると急に明日から表舞台のメインのところにボーンと立たせられるみたいな
ふう,0.1407354849612865,全く同じものを見たかどうかあれなんですけど、もしくはカウアン岡本君がArc Timesかなんかに出て喋った長いインタビューの動画の中でどういうふうにこうジャニー喜多川氏に気に入られると個人的に表舞台の方に上がっていけるかみたいな話があって、僕はそれを聞いた時になんていい加減な世界なんだろうとちょっと思ってしまったっていうか、本当にこう彼が愛すると急に明日から表舞台のメインのところにボーンと立たせられるみたいな
みたい,0.25279429267519554,全く同じものを見たかどうかあれなんですけど、もしくはカウアン岡本君がArc Timesかなんかに出て喋った長いインタビューの動画の中でどういうふうにこうジャニー喜多川氏に気に入られると個人的に表舞台の方に上がっていけるかみたいな話があって、僕はそれを聞いた時になんていい加減な世界なんだろうとちょっと思ってしまったっていうか、本当にこう彼が愛すると急に明日から表舞台のメインのところにボーンと立たせられるみたいな
もの,0.1407354849612865,全く同じものを見たかどうかあれなんですけど、もしくはカウアン岡本君がArc Timesかなんかに出て喋った長いインタビューの動画の中でどういうふうにこうジャニー喜多川氏に気に入られると個人的に表舞台の方に上がっていけるかみたいな話があって、僕はそれを聞いた時になんていい加減な世界なんだろうとちょっと思ってしまったっていうか、本当にこう彼が愛すると急に明日から表舞台のメインのところにボーンと立たせられるみたいな
られる,0.17978205511307452,全く同じものを見たかどうかあれなんですけど、もしくはカウアン岡本君がArc Timesかなんかに出て喋った長いインタビューの動画の中でどういうふうにこうジャニー喜多川氏に気に入られると個人的に表舞台の方に上がっていけるかみたいな話があって、僕はそれを聞いた時になんていい加減な世界なんだろうとちょっと思ってしまったっていうか、本当にこう彼が愛すると急に明日から表舞台のメインのところにボーンと立たせられるみたいな
アン,0.17978205511307452,全く同じものを見たかどうかあれなんですけど、もしくはカウアン岡本君がArc Timesかなんかに出て喋った長いインタビューの動画の中でどういうふうにこうジャニー喜多川氏に気に入られると個人的に表舞台の方に上がっていけるかみたいな話があって、僕はそれを聞いた時になんていい加減な世界なんだろうとちょっと思ってしまったっていうか、本当にこう彼が愛すると急に明日から表舞台のメインのところにボーンと立たせられるみたいな
インタビュー,0.17978205511307452,全く同じものを見たかどうかあれなんですけど、もしくはカウアン岡本君がArc Timesかなんかに出て喋った長いインタビューの動画の中でどういうふうにこうジャニー喜多川氏に気に入られると個人的に表舞台の方に上がっていけるかみたいな話があって、僕はそれを聞いた時になんていい加減な世界なんだろうとちょっと思ってしまったっていうか、本当にこう彼が愛すると急に明日から表舞台のメインのところにボーンと立たせられるみたいな
カウ,0.17978205511307452,全く同じものを見たかどうかあれなんですけど、もしくはカウアン岡本君がArc Timesかなんかに出て喋った長いインタビューの動画の中でどういうふうにこうジャニー喜多川氏に気に入られると個人的に表舞台の方に上がっていけるかみたいな話があって、僕はそれを聞いた時になんていい加減な世界なんだろうとちょっと思ってしまったっていうか、本当にこう彼が愛すると急に明日から表舞台のメインのところにボーンと立たせられるみたいな
ボー,0.17978205511307452,全く同じものを見たかどうかあれなんですけど、もしくはカウアン岡本君がArc Timesかなんかに出て喋った長いインタビューの動画の中でどういうふうにこうジャニー喜多川氏に気に入られると個人的に表舞台の方に上がっていけるかみたいな話があって、僕はそれを聞いた時になんていい加減な世界なんだろうとちょっと思ってしまったっていうか、本当にこう彼が愛すると急に明日から表舞台のメインのところにボーンと立たせられるみたいな
メイン,0.17978205511307452,全く同じものを見たかどうかあれなんですけど、もしくはカウアン岡本君がArc Timesかなんかに出て喋った長いインタビューの動画の中でどういうふうにこうジャニー喜多川氏に気に入られると個人的に表舞台の方に上がっていけるかみたいな話があって、僕はそれを聞いた時になんていい加減な世界なんだろうとちょっと思ってしまったっていうか、本当にこう彼が愛すると急に明日から表舞台のメインのところにボーンと立たせられるみたいな
上がる,0.16250367256797837,全く同じものを見たかどうかあれなんですけど、もしくはカウアン岡本君がArc Timesかなんかに出て喋った長いインタビューの動画の中でどういうふうにこうジャニー喜多川氏に気に入られると個人的に表舞台の方に上がっていけるかみたいな話があって、僕はそれを聞いた時になんていい加減な世界なんだろうとちょっと思ってしまったっていうか、本当にこう彼が愛すると急に明日から表舞台のメインのところにボーンと立たせられるみたいな
世界,0.17978205511307452,全く同じものを見たかどうかあれなんですけど、もしくはカウアン岡本君がArc Timesかなんかに出て喋った長いインタビューの動画の中でどういうふうにこうジャニー喜多川氏に気に入られると個人的に表舞台の方に上がっていけるかみたいな話があって、僕はそれを聞いた時になんていい加減な世界なんだろうとちょっと思ってしまったっていうか、本当にこう彼が愛すると急に明日から表舞台のメインのところにボーンと立たせられるみたいな
個人,0.16250367256797837,全く同じものを見たかどうかあれなんですけど、もしくはカウアン岡本君がArc Timesかなんかに出て喋った長いインタビューの動画の中でどういうふうにこうジャニー喜多川氏に気に入られると個人的に表舞台の方に上がっていけるかみたいな話があって、僕はそれを聞いた時になんていい加減な世界なんだろうとちょっと思ってしまったっていうか、本当にこう彼が愛すると急に明日から表舞台のメインのところにボーンと立たせられるみたいな
出る,0.13296608251084666,全く同じものを見たかどうかあれなんですけど、もしくはカウアン岡本君がArc Timesかなんかに出て喋った長いインタビューの動画の中でどういうふうにこうジャニー喜多川氏に気に入られると個人的に表舞台の方に上がっていけるかみたいな話があって、僕はそれを聞いた時になんていい加減な世界なんだろうとちょっと思ってしまったっていうか、本当にこう彼が愛すると急に明日から表舞台のメインのところにボーンと立たせられるみたいな
動画,0.1407354849612865,全く同じものを見たかどうかあれなんですけど、もしくはカウアン岡本君がArc Timesかなんかに出て喋った長いインタビューの動画の中でどういうふうにこうジャニー喜多川氏に気に入られると個人的に表舞台の方に上がっていけるかみたいな話があって、僕はそれを聞いた時になんていい加減な世界なんだろうとちょっと思ってしまったっていうか、本当にこう彼が愛すると急に明日から表舞台のメインのところにボーンと立たせられるみたいな
喋る,0.16250367256797837,全く同じものを見たかどうかあれなんですけど、もしくはカウアン岡本君がArc Timesかなんかに出て喋った長いインタビューの動画の中でどういうふうにこうジャニー喜多川氏に気に入られると個人的に表舞台の方に上がっていけるかみたいな話があって、僕はそれを聞いた時になんていい加減な世界なんだろうとちょっと思ってしまったっていうか、本当にこう彼が愛すると急に明日から表舞台のメインのところにボーンと立たせられるみたいな
喜多川,0.17978205511307452,全く同じものを見たかどうかあれなんですけど、もしくはカウアン岡本君がArc Timesかなんかに出て喋った長いインタビューの動画の中でどういうふうにこうジャニー喜多川氏に気に入られると個人的に表舞台の方に上がっていけるかみたいな話があって、僕はそれを聞いた時になんていい加減な世界なんだろうとちょっと思ってしまったっていうか、本当にこう彼が愛すると急に明日から表舞台のメインのところにボーンと立たせられるみたいな
岡本,0.17978205511307452,全く同じものを見たかどうかあれなんですけど、もしくはカウアン岡本君がArc Timesかなんかに出て喋った長いインタビューの動画の中でどういうふうにこうジャニー喜多川氏に気に入られると個人的に表舞台の方に上がっていけるかみたいな話があって、僕はそれを聞いた時になんていい加減な世界なんだろうとちょっと思ってしまったっていうか、本当にこう彼が愛すると急に明日から表舞台のメインのところにボーンと立たせられるみたいな
思う,0.07759878213108642,全く同じものを見たかどうかあれなんですけど、もしくはカウアン岡本君がArc Timesかなんかに出て喋った長いインタビューの動画の中でどういうふうにこうジャニー喜多川氏に気に入られると個人的に表舞台の方に上がっていけるかみたいな話があって、僕はそれを聞いた時になんていい加減な世界なんだろうとちょっと思ってしまったっていうか、本当にこう彼が愛すると急に明日から表舞台のメインのところにボーンと立たせられるみたいな
愛する,0.17978205511307452,全く同じものを見たかどうかあれなんですけど、もしくはカウアン岡本君がArc Timesかなんかに出て喋った長いインタビューの動画の中でどういうふうにこうジャニー喜多川氏に気に入られると個人的に表舞台の方に上がっていけるかみたいな話があって、僕はそれを聞いた時になんていい加減な世界なんだろうとちょっと思ってしまったっていうか、本当にこう彼が愛すると急に明日から表舞台のメインのところにボーンと立たせられるみたいな
明日,0.16250367256797837,全く同じものを見たかどうかあれなんですけど、もしくはカウアン岡本君がArc Timesかなんかに出て喋った長いインタビューの動画の中でどういうふうにこうジャニー喜多川氏に気に入られると個人的に表舞台の方に上がっていけるかみたいな話があって、僕はそれを聞いた時になんていい加減な世界なんだろうとちょっと思ってしまったっていうか、本当にこう彼が愛すると急に明日から表舞台のメインのところにボーンと立たせられるみたいな
気に入る,0.17978205511307452,全く同じものを見たかどうかあれなんですけど、もしくはカウアン岡本君がArc Timesかなんかに出て喋った長いインタビューの動画の中でどういうふうにこうジャニー喜多川氏に気に入られると個人的に表舞台の方に上がっていけるかみたいな話があって、僕はそれを聞いた時になんていい加減な世界なんだろうとちょっと思ってしまったっていうか、本当にこう彼が愛すると急に明日から表舞台のメインのところにボーンと立たせられるみたいな
立つ,0.16250367256797837,全く同じものを見たかどうかあれなんですけど、もしくはカウアン岡本君がArc Timesかなんかに出て喋った長いインタビューの動画の中でどういうふうにこうジャニー喜多川氏に気に入られると個人的に表舞台の方に上がっていけるかみたいな話があって、僕はそれを聞いた時になんていい加減な世界なんだろうとちょっと思ってしまったっていうか、本当にこう彼が愛すると急に明日から表舞台のメインのところにボーンと立たせられるみたいな
聞く,0.13296608251084666,全く同じものを見たかどうかあれなんですけど、もしくはカウアン岡本君がArc Timesかなんかに出て喋った長いインタビューの動画の中でどういうふうにこうジャニー喜多川氏に気に入られると個人的に表舞台の方に上がっていけるかみたいな話があって、僕はそれを聞いた時になんていい加減な世界なんだろうとちょっと思ってしまったっていうか、本当にこう彼が愛すると急に明日から表舞台のメインのところにボーンと立たせられるみたいな
舞台,0.32500734513595675,全く同じものを見たかどうかあれなんですけど、もしくはカウアン岡本君がArc Timesかなんかに出て喋った長いインタビューの動画の中でどういうふうにこうジャニー喜多川氏に気に入られると個人的に表舞台の方に上がっていけるかみたいな話があって、僕はそれを聞いた時になんていい加減な世界なんだろうとちょっと思ってしまったっていうか、本当にこう彼が愛すると急に明日から表舞台のメインのところにボーンと立たせられるみたいな
見る,0.1502444650559428,全く同じものを見たかどうかあれなんですけど、もしくはカウアン岡本君がArc Timesかなんかに出て喋った長いインタビューの動画の中でどういうふうにこうジャニー喜多川氏に気に入られると個人的に表舞台の方に上がっていけるかみたいな話があって、僕はそれを聞いた時になんていい加減な世界なんだろうとちょっと思ってしまったっていうか、本当にこう彼が愛すると急に明日から表舞台のメインのところにボーンと立たせられるみたいな
長い,0.17978205511307452,全く同じものを見たかどうかあれなんですけど、もしくはカウアン岡本君がArc Timesかなんかに出て喋った長いインタビューの動画の中でどういうふうにこうジャニー喜多川氏に気に入られると個人的に表舞台の方に上がっていけるかみたいな話があって、僕はそれを聞いた時になんていい加減な世界なんだろうとちょっと思ってしまったっていうか、本当にこう彼が愛すると急に明日から表舞台のメインのところにボーンと立たせられるみたいな
それ,0.46738514497174444,でそれが本当にそうなのかってその証言だけではわからない
わかる,0.5449372709048058,でそれが本当にそうなのかってその証言だけではわからない
証言,0.6961282188207599,でそれが本当にそうなのかってその証言だけではわからない
すごい,0.16883471766537148,もっと実力的に比較されてるっていう部分もちゃんとないわけではないと思うんですけど、僕はそれを聞いてすごく冷めた方多いんじゃないかなと思ったんですけどその辺とかってどうでした
それ,0.21040268966009656,もっと実力的に比較されてるっていう部分もちゃんとないわけではないと思うんですけど、僕はそれを聞いてすごく冷めた方多いんじゃないかなと思ったんですけどその辺とかってどうでした
ない,0.4906286334852825,もっと実力的に比較されてるっていう部分もちゃんとないわけではないと思うんですけど、僕はそれを聞いてすごく冷めた方多いんじゃないかなと思ったんですけどその辺とかってどうでした
わけ,0.31337591954711086,もっと実力的に比較されてるっていう部分もちゃんとないわけではないと思うんですけど、僕はそれを聞いてすごく冷めた方多いんじゃないかなと思ったんですけどその辺とかってどうでした
冷める,0.31337591954711086,もっと実力的に比較されてるっていう部分もちゃんとないわけではないと思うんですけど、僕はそれを聞いてすごく冷めた方多いんじゃないかなと思ったんですけどその辺とかってどうでした
多い,0.31337591954711086,もっと実力的に比較されてるっていう部分もちゃんとないわけではないと思うんですけど、僕はそれを聞いてすごく冷めた方多いんじゃないかなと思ったんですけどその辺とかってどうでした
実力,0.2618893046036037,もっと実力的に比較されてるっていう部分もちゃんとないわけではないと思うんですけど、僕はそれを聞いてすごく冷めた方多いんじゃないかなと思ったんですけどその辺とかってどうでした
思う,0.2705229917498774,もっと実力的に比較されてるっていう部分もちゃんとないわけではないと思うんですけど、僕はそれを聞いてすごく冷めた方多いんじゃないかなと思ったんですけどその辺とかってどうでした
比較,0.31337591954711086,もっと実力的に比較されてるっていう部分もちゃんとないわけではないと思うんですけど、僕はそれを聞いてすごく冷めた方多いんじゃないかなと思ったんですけどその辺とかってどうでした
聞く,0.2317715655725825,もっと実力的に比較されてるっていう部分もちゃんとないわけではないと思うんですけど、僕はそれを聞いてすごく冷めた方多いんじゃないかなと思ったんですけどその辺とかってどうでした
部分,0.31337591954711086,もっと実力的に比較されてるっていう部分もちゃんとないわけではないと思うんですけど、僕はそれを聞いてすごく冷めた方多いんじゃないかなと思ったんですけどその辺とかってどうでした
印象,0.7673261497792546,ご自身の印象として
自身,0.6412570310452316,ご自身の印象として
いう,0.6164073602463732,なんか衝撃というか
衝撃,0.7874274355355533,なんか衝撃というか
すごい,0.20446445481732842,そのジャニーズ事務所の所属タレントの実力っていうのがどこで測るのかってすごい難しいと思うんです
どこ,0.379508654553345,そのジャニーズ事務所の所属タレントの実力っていうのがどこで測るのかってすごい難しいと思うんです
ジャ,0.21113083182656744,そのジャニーズ事務所の所属タレントの実力っていうのがどこで測るのかってすごい難しいと思うんです
タレント,0.3171566525458037,そのジャニーズ事務所の所属タレントの実力っていうのがどこで測るのかってすごい難しいと思うんです
ニーズ,0.21113083182656744,そのジャニーズ事務所の所属タレントの実力っていうのがどこで測るのかってすごい難しいと思うんです
事務所,0.25480465053826246,そのジャニーズ事務所の所属タレントの実力っていうのがどこで測るのかってすごい難しいと思うんです
実力,0.3171566525458037,そのジャニーズ事務所の所属タレントの実力っていうのがどこで測るのかってすごい難しいと思うんです
思う,0.16380616732312053,そのジャニーズ事務所の所属タレントの実力っていうのがどこで測るのかってすごい難しいと思うんです
所属,0.379508654553345,そのジャニーズ事務所の所属タレントの実力っていうのがどこで測るのかってすごい難しいと思うんです
測る,0.379508654553345,そのジャニーズ事務所の所属タレントの実力っていうのがどこで測るのかってすごい難しいと思うんです
難しい,0.379508654553345,そのジャニーズ事務所の所属タレントの実力っていうのがどこで測るのかってすごい難しいと思うんです
いい,0.12847961800787877,なんかその例えばドラマに出たりとかもするし舞台に出たりとかもするし、こう別の活動もいろいろやりながらアイドルっていう存在がいると思うんですけど、じゃあ例えばこうドラマに出る時とかにいや俳優の人がやればいいじゃんって言われたりもしてるけどでもそこには彼にしかない魅力があるから出てると思ってますし、なんかそれが実力っていうものも測れないと思うしそれ以外の魅力とか今までジャニーズアイドルを続けてきた経験とかそういったものが蓄積しているのをファンは応援してると思ってます
いや,0.15373830747774084,なんかその例えばドラマに出たりとかもするし舞台に出たりとかもするし、こう別の活動もいろいろやりながらアイドルっていう存在がいると思うんですけど、じゃあ例えばこうドラマに出る時とかにいや俳優の人がやればいいじゃんって言われたりもしてるけどでもそこには彼にしかない魅力があるから出てると思ってますし、なんかそれが実力っていうものも測れないと思うしそれ以外の魅力とか今までジャニーズアイドルを続けてきた経験とかそういったものが蓄積しているのをファンは応援してると思ってます
くる,0.1389629213205112,なんかその例えばドラマに出たりとかもするし舞台に出たりとかもするし、こう別の活動もいろいろやりながらアイドルっていう存在がいると思うんですけど、じゃあ例えばこうドラマに出る時とかにいや俳優の人がやればいいじゃんって言われたりもしてるけどでもそこには彼にしかない魅力があるから出てると思ってますし、なんかそれが実力っていうものも測れないと思うしそれ以外の魅力とか今までジャニーズアイドルを続けてきた経験とかそういったものが蓄積しているのをファンは応援してると思ってます
そこ,0.1389629213205112,なんかその例えばドラマに出たりとかもするし舞台に出たりとかもするし、こう別の活動もいろいろやりながらアイドルっていう存在がいると思うんですけど、じゃあ例えばこうドラマに出る時とかにいや俳優の人がやればいいじゃんって言われたりもしてるけどでもそこには彼にしかない魅力があるから出てると思ってますし、なんかそれが実力っていうものも測れないと思うしそれ以外の魅力とか今までジャニーズアイドルを続けてきた経験とかそういったものが蓄積しているのをファンは応援してると思ってます
それ,0.20644185707603344,なんかその例えばドラマに出たりとかもするし舞台に出たりとかもするし、こう別の活動もいろいろやりながらアイドルっていう存在がいると思うんですけど、じゃあ例えばこうドラマに出る時とかにいや俳優の人がやればいいじゃんって言われたりもしてるけどでもそこには彼にしかない魅力があるから出てると思ってますし、なんかそれが実力っていうものも測れないと思うしそれ以外の魅力とか今までジャニーズアイドルを続けてきた経験とかそういったものが蓄積しているのをファンは応援してると思ってます
ない,0.12034813622749461,なんかその例えばドラマに出たりとかもするし舞台に出たりとかもするし、こう別の活動もいろいろやりながらアイドルっていう存在がいると思うんですけど、じゃあ例えばこうドラマに出る時とかにいや俳優の人がやればいいじゃんって言われたりもしてるけどでもそこには彼にしかない魅力があるから出てると思ってますし、なんかそれが実力っていうものも測れないと思うしそれ以外の魅力とか今までジャニーズアイドルを続けてきた経験とかそういったものが蓄積しているのをファンは応援してると思ってます
なん,0.1389629213205112,なんかその例えばドラマに出たりとかもするし舞台に出たりとかもするし、こう別の活動もいろいろやりながらアイドルっていう存在がいると思うんですけど、じゃあ例えばこうドラマに出る時とかにいや俳優の人がやればいいじゃんって言われたりもしてるけどでもそこには彼にしかない魅力があるから出てると思ってますし、なんかそれが実力っていうものも測れないと思うしそれ以外の魅力とか今までジャニーズアイドルを続けてきた経験とかそういったものが蓄積しているのをファンは応援してると思ってます
もの,0.24069627245498923,なんかその例えばドラマに出たりとかもするし舞台に出たりとかもするし、こう別の活動もいろいろやりながらアイドルっていう存在がいると思うんですけど、じゃあ例えばこうドラマに出る時とかにいや俳優の人がやればいいじゃんって言われたりもしてるけどでもそこには彼にしかない魅力があるから出てると思ってますし、なんかそれが実力っていうものも測れないと思うしそれ以外の魅力とか今までジャニーズアイドルを続けてきた経験とかそういったものが蓄積しているのをファンは応援してると思ってます
やる,0.2779258426410224,なんかその例えばドラマに出たりとかもするし舞台に出たりとかもするし、こう別の活動もいろいろやりながらアイドルっていう存在がいると思うんですけど、じゃあ例えばこうドラマに出る時とかにいや俳優の人がやればいいじゃんって言われたりもしてるけどでもそこには彼にしかない魅力があるから出てると思ってますし、なんかそれが実力っていうものも測れないと思うしそれ以外の魅力とか今までジャニーズアイドルを続けてきた経験とかそういったものが蓄積しているのをファンは応援してると思ってます
アイドル,0.10808689073966107,なんかその例えばドラマに出たりとかもするし舞台に出たりとかもするし、こう別の活動もいろいろやりながらアイドルっていう存在がいると思うんですけど、じゃあ例えばこうドラマに出る時とかにいや俳優の人がやればいいじゃんって言われたりもしてるけどでもそこには彼にしかない魅力があるから出てると思ってますし、なんかそれが実力っていうものも測れないと思うしそれ以外の魅力とか今までジャニーズアイドルを続けてきた経験とかそういったものが蓄積しているのをファンは応援してると思ってます
ドラマ,0.3074766149554817,なんかその例えばドラマに出たりとかもするし舞台に出たりとかもするし、こう別の活動もいろいろやりながらアイドルっていう存在がいると思うんですけど、じゃあ例えばこうドラマに出る時とかにいや俳優の人がやればいいじゃんって言われたりもしてるけどでもそこには彼にしかない魅力があるから出てると思ってますし、なんかそれが実力っていうものも測れないと思うしそれ以外の魅力とか今までジャニーズアイドルを続けてきた経験とかそういったものが蓄積しているのをファンは応援してると思ってます
ファン,0.09508944675763255,なんかその例えばドラマに出たりとかもするし舞台に出たりとかもするし、こう別の活動もいろいろやりながらアイドルっていう存在がいると思うんですけど、じゃあ例えばこうドラマに出る時とかにいや俳優の人がやればいいじゃんって言われたりもしてるけどでもそこには彼にしかない魅力があるから出てると思ってますし、なんかそれが実力っていうものも測れないと思うしそれ以外の魅力とか今までジャニーズアイドルを続けてきた経験とかそういったものが蓄積しているのをファンは応援してると思ってます
以外,0.15373830747774084,なんかその例えばドラマに出たりとかもするし舞台に出たりとかもするし、こう別の活動もいろいろやりながらアイドルっていう存在がいると思うんですけど、じゃあ例えばこうドラマに出る時とかにいや俳優の人がやればいいじゃんって言われたりもしてるけどでもそこには彼にしかない魅力があるから出てると思ってますし、なんかそれが実力っていうものも測れないと思うしそれ以外の魅力とか今までジャニーズアイドルを続けてきた経験とかそういったものが蓄積しているのをファンは応援してると思ってます
俳優,0.15373830747774084,なんかその例えばドラマに出たりとかもするし舞台に出たりとかもするし、こう別の活動もいろいろやりながらアイドルっていう存在がいると思うんですけど、じゃあ例えばこうドラマに出る時とかにいや俳優の人がやればいいじゃんって言われたりもしてるけどでもそこには彼にしかない魅力があるから出てると思ってますし、なんかそれが実力っていうものも測れないと思うしそれ以外の魅力とか今までジャニーズアイドルを続けてきた経験とかそういったものが蓄積しているのをファンは応援してると思ってます
出る,0.4548169274025965,なんかその例えばドラマに出たりとかもするし舞台に出たりとかもするし、こう別の活動もいろいろやりながらアイドルっていう存在がいると思うんですけど、じゃあ例えばこうドラマに出る時とかにいや俳優の人がやればいいじゃんって言われたりもしてるけどでもそこには彼にしかない魅力があるから出てると思ってますし、なんかそれが実力っていうものも測れないと思うしそれ以外の魅力とか今までジャニーズアイドルを続けてきた経験とかそういったものが蓄積しているのをファンは応援してると思ってます
存在,0.11370423185064912,なんかその例えばドラマに出たりとかもするし舞台に出たりとかもするし、こう別の活動もいろいろやりながらアイドルっていう存在がいると思うんですけど、じゃあ例えばこうドラマに出る時とかにいや俳優の人がやればいいじゃんって言われたりもしてるけどでもそこには彼にしかない魅力があるから出てると思ってますし、なんかそれが実力っていうものも測れないと思うしそれ以外の魅力とか今までジャニーズアイドルを続けてきた経験とかそういったものが蓄積しているのをファンは応援してると思ってます
実力,0.12847961800787877,なんかその例えばドラマに出たりとかもするし舞台に出たりとかもするし、こう別の活動もいろいろやりながらアイドルっていう存在がいると思うんですけど、じゃあ例えばこうドラマに出る時とかにいや俳優の人がやればいいじゃんって言われたりもしてるけどでもそこには彼にしかない魅力があるから出てると思ってますし、なんかそれが実力っていうものも測れないと思うしそれ以外の魅力とか今までジャニーズアイドルを続けてきた経験とかそういったものが蓄積しているのをファンは応援してると思ってます
応援,0.10808689073966107,なんかその例えばドラマに出たりとかもするし舞台に出たりとかもするし、こう別の活動もいろいろやりながらアイドルっていう存在がいると思うんですけど、じゃあ例えばこうドラマに出る時とかにいや俳優の人がやればいいじゃんって言われたりもしてるけどでもそこには彼にしかない魅力があるから出てると思ってますし、なんかそれが実力っていうものも測れないと思うしそれ以外の魅力とか今までジャニーズアイドルを続けてきた経験とかそういったものが蓄積しているのをファンは応援してると思ってます
思う,0.26543039392143636,なんかその例えばドラマに出たりとかもするし舞台に出たりとかもするし、こう別の活動もいろいろやりながらアイドルっていう存在がいると思うんですけど、じゃあ例えばこうドラマに出る時とかにいや俳優の人がやればいいじゃんって言われたりもしてるけどでもそこには彼にしかない魅力があるから出てると思ってますし、なんかそれが実力っていうものも測れないと思うしそれ以外の魅力とか今までジャニーズアイドルを続けてきた経験とかそういったものが蓄積しているのをファンは応援してると思ってます
活動,0.12847961800787877,なんかその例えばドラマに出たりとかもするし舞台に出たりとかもするし、こう別の活動もいろいろやりながらアイドルっていう存在がいると思うんですけど、じゃあ例えばこうドラマに出る時とかにいや俳優の人がやればいいじゃんって言われたりもしてるけどでもそこには彼にしかない魅力があるから出てると思ってますし、なんかそれが実力っていうものも測れないと思うしそれ以外の魅力とか今までジャニーズアイドルを続けてきた経験とかそういったものが蓄積しているのをファンは応援してると思ってます
測れる,0.15373830747774084,なんかその例えばドラマに出たりとかもするし舞台に出たりとかもするし、こう別の活動もいろいろやりながらアイドルっていう存在がいると思うんですけど、じゃあ例えばこうドラマに出る時とかにいや俳優の人がやればいいじゃんって言われたりもしてるけどでもそこには彼にしかない魅力があるから出てると思ってますし、なんかそれが実力っていうものも測れないと思うしそれ以外の魅力とか今までジャニーズアイドルを続けてきた経験とかそういったものが蓄積しているのをファンは応援してると思ってます
経験,0.15373830747774084,なんかその例えばドラマに出たりとかもするし舞台に出たりとかもするし、こう別の活動もいろいろやりながらアイドルっていう存在がいると思うんですけど、じゃあ例えばこうドラマに出る時とかにいや俳優の人がやればいいじゃんって言われたりもしてるけどでもそこには彼にしかない魅力があるから出てると思ってますし、なんかそれが実力っていうものも測れないと思うしそれ以外の魅力とか今までジャニーズアイドルを続けてきた経験とかそういったものが蓄積しているのをファンは応援してると思ってます
続ける,0.12034813622749461,なんかその例えばドラマに出たりとかもするし舞台に出たりとかもするし、こう別の活動もいろいろやりながらアイドルっていう存在がいると思うんですけど、じゃあ例えばこうドラマに出る時とかにいや俳優の人がやればいいじゃんって言われたりもしてるけどでもそこには彼にしかない魅力があるから出てると思ってますし、なんかそれが実力っていうものも測れないと思うしそれ以外の魅力とか今までジャニーズアイドルを続けてきた経験とかそういったものが蓄積しているのをファンは応援してると思ってます
舞台,0.1389629213205112,なんかその例えばドラマに出たりとかもするし舞台に出たりとかもするし、こう別の活動もいろいろやりながらアイドルっていう存在がいると思うんですけど、じゃあ例えばこうドラマに出る時とかにいや俳優の人がやればいいじゃんって言われたりもしてるけどでもそこには彼にしかない魅力があるから出てると思ってますし、なんかそれが実力っていうものも測れないと思うしそれ以外の魅力とか今までジャニーズアイドルを続けてきた経験とかそういったものが蓄積しているのをファンは応援してると思ってます
蓄積,0.15373830747774084,なんかその例えばドラマに出たりとかもするし舞台に出たりとかもするし、こう別の活動もいろいろやりながらアイドルっていう存在がいると思うんですけど、じゃあ例えばこうドラマに出る時とかにいや俳優の人がやればいいじゃんって言われたりもしてるけどでもそこには彼にしかない魅力があるから出てると思ってますし、なんかそれが実力っていうものも測れないと思うしそれ以外の魅力とか今までジャニーズアイドルを続けてきた経験とかそういったものが蓄積しているのをファンは応援してると思ってます
言う,0.11370423185064912,なんかその例えばドラマに出たりとかもするし舞台に出たりとかもするし、こう別の活動もいろいろやりながらアイドルっていう存在がいると思うんですけど、じゃあ例えばこうドラマに出る時とかにいや俳優の人がやればいいじゃんって言われたりもしてるけどでもそこには彼にしかない魅力があるから出てると思ってますし、なんかそれが実力っていうものも測れないと思うしそれ以外の魅力とか今までジャニーズアイドルを続けてきた経験とかそういったものが蓄積しているのをファンは応援してると思ってます
魅力,0.3074766149554817,なんかその例えばドラマに出たりとかもするし舞台に出たりとかもするし、こう別の活動もいろいろやりながらアイドルっていう存在がいると思うんですけど、じゃあ例えばこうドラマに出る時とかにいや俳優の人がやればいいじゃんって言われたりもしてるけどでもそこには彼にしかない魅力があるから出てると思ってますし、なんかそれが実力っていうものも測れないと思うしそれ以外の魅力とか今までジャニーズアイドルを続けてきた経験とかそういったものが蓄積しているのをファンは応援してると思ってます
いう,0.4165052881306595,でもその一番最初にそのスタートラインに立つ時にじゃあそういった性加害とかを受け入れるか受け入れないかそういったことで決まってしまうっていうのは良くないことだなって、いうふうに思って
しまう,0.1967559088705292,でもその一番最初にそのスタートラインに立つ時にじゃあそういった性加害とかを受け入れるか受け入れないかそういったことで決まってしまうっていうのは良くないことだなって、いうふうに思って
ふう,0.20825264406532976,でもその一番最初にそのスタートラインに立つ時にじゃあそういった性加害とかを受け入れるか受け入れないかそういったことで決まってしまうっていうのは良くないことだなって、いうふうに思って
スタートライン,0.26603161486312865,でもその一番最初にそのスタートラインに立つ時にじゃあそういった性加害とかを受け入れるか受け入れないかそういったことで決まってしまうっていうのは良くないことだなって、いうふうに思って
一番,0.26603161486312865,でもその一番最初にそのスタートラインに立つ時にじゃあそういった性加害とかを受け入れるか受け入れないかそういったことで決まってしまうっていうのは良くないことだなって、いうふうに思って
加害,0.22232351075272916,でもその一番最初にそのスタートラインに立つ時にじゃあそういった性加害とかを受け入れるか受け入れないかそういったことで決まってしまうっていうのは良くないことだなって、いうふうに思って
受け入れる,0.5320632297262573,でもその一番最初にそのスタートラインに立つ時にじゃあそういった性加害とかを受け入れるか受け入れないかそういったことで決まってしまうっていうのは良くないことだなって、いうふうに思って
思う,0.11482641751292183,でもその一番最初にそのスタートラインに立つ時にじゃあそういった性加害とかを受け入れるか受け入れないかそういったことで決まってしまうっていうのは良くないことだなって、いうふうに思って
最初,0.2404640129809287,でもその一番最初にそのスタートラインに立つ時にじゃあそういった性加害とかを受け入れるか受け入れないかそういったことで決まってしまうっていうのは良くないことだなって、いうふうに思って
決まる,0.26603161486312865,でもその一番最初にそのスタートラインに立つ時にじゃあそういった性加害とかを受け入れるか受け入れないかそういったことで決まってしまうっていうのは良くないことだなって、いうふうに思って
立つ,0.2404640129809287,でもその一番最初にそのスタートラインに立つ時にじゃあそういった性加害とかを受け入れるか受け入れないかそういったことで決まってしまうっていうのは良くないことだなって、いうふうに思って
良い,0.26603161486312865,でもその一番最初にそのスタートラインに立つ時にじゃあそういった性加害とかを受け入れるか受け入れないかそういったことで決まってしまうっていうのは良くないことだなって、いうふうに思って
経営,1.0,なるほどであの経営層にですね
すごい,0.13372420934422946,記者会見を開いてもらい洗いざらい質問に答えて説明してほしいっていう声がペンライトの上がっていたファンの声にもあったように思うんですが、やっぱり記者会見っていうのは僕はすごい必須なんじゃないかなと思うんですけどどうでしょう
ほしい,0.22435241254629765,記者会見を開いてもらい洗いざらい質問に答えて説明してほしいっていう声がペンライトの上がっていたファンの声にもあったように思うんですが、やっぱり記者会見っていうのは僕はすごい必須なんじゃないかなと思うんですけどどうでしょう
もらう,0.24820693070968602,記者会見を開いてもらい洗いざらい質問に答えて説明してほしいっていう声がペンライトの上がっていたファンの声にもあったように思うんですが、やっぱり記者会見っていうのは僕はすごい必須なんじゃないかなと思うんですけどどうでしょう
よう,0.17450377749429022,記者会見を開いてもらい洗いざらい質問に答えて説明してほしいっていう声がペンライトの上がっていたファンの声にもあったように思うんですが、やっぱり記者会見っていうのは僕はすごい必須なんじゃないかなと思うんですけどどうでしょう
ファン,0.1535197057246861,記者会見を開いてもらい洗いざらい質問に答えて説明してほしいっていう声がペンライトの上がっていたファンの声にもあったように思うんですが、やっぱり記者会見っていうのは僕はすごい必須なんじゃないかなと思うんですけどどうでしょう
ペンライト,0.20742736255962527,記者会見を開いてもらい洗いざらい質問に答えて説明してほしいっていう声がペンライトの上がっていたファンの声にもあったように思うんですが、やっぱり記者会見っていうのは僕はすごい必須なんじゃないかなと思うんですけどどうでしょう
上がる,0.22435241254629765,記者会見を開いてもらい洗いざらい質問に答えて説明してほしいっていう声がペンライトの上がっていたファンの声にもあったように思うんですが、やっぱり記者会見っていうのは僕はすごい必須なんじゃないかなと思うんですけどどうでしょう
会見,0.4487048250925953,記者会見を開いてもらい洗いざらい質問に答えて説明してほしいっていう声がペンライトの上がっていたファンの声にもあったように思うんですが、やっぱり記者会見っていうのは僕はすごい必須なんじゃないかなと思うんですけどどうでしょう
必須,0.24820693070968602,記者会見を開いてもらい洗いざらい質問に答えて説明してほしいっていう声がペンライトの上がっていたファンの声にもあったように思うんですが、やっぱり記者会見っていうのは僕はすごい必須なんじゃないかなと思うんですけどどうでしょう
思う,0.21426560651398274,記者会見を開いてもらい洗いざらい質問に答えて説明してほしいっていう声がペンライトの上がっていたファンの声にもあったように思うんですが、やっぱり記者会見っていうのは僕はすごい必須なんじゃないかなと思うんですけどどうでしょう
答える,0.22435241254629765,記者会見を開いてもらい洗いざらい質問に答えて説明してほしいっていう声がペンライトの上がっていたファンの声にもあったように思うんですが、やっぱり記者会見っていうのは僕はすごい必須なんじゃないかなと思うんですけどどうでしょう
記者,0.4487048250925953,記者会見を開いてもらい洗いざらい質問に答えて説明してほしいっていう声がペンライトの上がっていたファンの声にもあったように思うんですが、やっぱり記者会見っていうのは僕はすごい必須なんじゃないかなと思うんですけどどうでしょう
説明,0.24820693070968602,記者会見を開いてもらい洗いざらい質問に答えて説明してほしいっていう声がペンライトの上がっていたファンの声にもあったように思うんですが、やっぱり記者会見っていうのは僕はすごい必須なんじゃないかなと思うんですけどどうでしょう
質問,0.22435241254629765,記者会見を開いてもらい洗いざらい質問に答えて説明してほしいっていう声がペンライトの上がっていたファンの声にもあったように思うんですが、やっぱり記者会見っていうのは僕はすごい必須なんじゃないかなと思うんですけどどうでしょう
開く,0.22435241254629765,記者会見を開いてもらい洗いざらい質問に答えて説明してほしいっていう声がペンライトの上がっていたファンの声にもあったように思うんですが、やっぱり記者会見っていうのは僕はすごい必須なんじゃないかなと思うんですけどどうでしょう
ジャ,0.2889413498629717,私もジャニーズ事務所がきちんと記者会見を開くべきだと思ってます
ニーズ,0.2889413498629717,私もジャニーズ事務所がきちんと記者会見を開くべきだと思ってます
事務所,0.34871079245482317,私もジャニーズ事務所がきちんと記者会見を開くべきだと思ってます
会見,0.46945780377925445,私もジャニーズ事務所がきちんと記者会見を開くべきだと思ってます
思う,0.22417557252415696,私もジャニーズ事務所がきちんと記者会見を開くべきだと思ってます
記者,0.46945780377925445,私もジャニーズ事務所がきちんと記者会見を開くべきだと思ってます
開く,0.46945780377925445,私もジャニーズ事務所がきちんと記者会見を開くべきだと思ってます
あれ,0.14526002879543207,今謝罪の動画となんかこう来ていた質問に答える見解みたいなものが出ていますけどあれも誰から来てる質問なのかもよくわからないですし、今本当にすごく曖昧な状況で何も言ってないし結局何も変わってないみたいな状況だと思うのできちんと前に出て答えていく必要があるなぁと思ってます
いく,0.13808373361050286,今謝罪の動画となんかこう来ていた質問に答える見解みたいなものが出ていますけどあれも誰から来てる質問なのかもよくわからないですし、今本当にすごく曖昧な状況で何も言ってないし結局何も変わってないみたいな状況だと思うのできちんと前に出て答えていく必要があるなぁと思ってます
すごい,0.10581511968110764,今謝罪の動画となんかこう来ていた質問に答える見解みたいなものが出ていますけどあれも誰から来てる質問なのかもよくわからないですし、今本当にすごく曖昧な状況で何も言ってないし結局何も変わってないみたいな状況だと思うのできちんと前に出て答えていく必要があるなぁと思ってます
みたい,0.2761674672210057,今謝罪の動画となんかこう来ていた質問に答える見解みたいなものが出ていますけどあれも誰から来てる質問なのかもよくわからないですし、今本当にすごく曖昧な状況で何も言ってないし結局何も変わってないみたいな状況だと思うのできちんと前に出て答えていく必要があるなぁと思ってます
もの,0.15374778448743062,今謝罪の動画となんかこう来ていた質問に答える見解みたいなものが出ていますけどあれも誰から来てる質問なのかもよくわからないですし、今本当にすごく曖昧な状況で何も言ってないし結局何も変わってないみたいな状況だと思うのできちんと前に出て答えていく必要があるなぁと思ってます
わかる,0.15374778448743062,今謝罪の動画となんかこう来ていた質問に答える見解みたいなものが出ていますけどあれも誰から来てる質問なのかもよくわからないですし、今本当にすごく曖昧な状況で何も言ってないし結局何も変わってないみたいな状況だと思うのできちんと前に出て答えていく必要があるなぁと思ってます
出る,0.29052005759086413,今謝罪の動画となんかこう来ていた質問に答える見解みたいなものが出ていますけどあれも誰から来てる質問なのかもよくわからないですし、今本当にすごく曖昧な状況で何も言ってないし結局何も変わってないみたいな状況だと思うのできちんと前に出て答えていく必要があるなぁと思ってます
動画,0.15374778448743062,今謝罪の動画となんかこう来ていた質問に答える見解みたいなものが出ていますけどあれも誰から来てる質問なのかもよくわからないですし、今本当にすごく曖昧な状況で何も言ってないし結局何も変わってないみたいな状況だと思うのできちんと前に出て答えていく必要があるなぁと思ってます
変わる,0.17752864272482727,今謝罪の動画となんかこう来ていた質問に答える見解みたいなものが出ていますけどあれも誰から来てる質問なのかもよくわからないですし、今本当にすごく曖昧な状況で何も言ってないし結局何も変わってないみたいな状況だと思うのできちんと前に出て答えていく必要があるなぁと思ってます
必要,0.19640457182377186,今謝罪の動画となんかこう来ていた質問に答える見解みたいなものが出ていますけどあれも誰から来てる質問なのかもよくわからないですし、今本当にすごく曖昧な状況で何も言ってないし結局何も変わってないみたいな状況だと思うのできちんと前に出て答えていく必要があるなぁと思ってます
思う,0.16954701701364427,今謝罪の動画となんかこう来ていた質問に答える見解みたいなものが出ていますけどあれも誰から来てる質問なのかもよくわからないですし、今本当にすごく曖昧な状況で何も言ってないし結局何も変わってないみたいな状況だと思うのできちんと前に出て答えていく必要があるなぁと思ってます
曖昧,0.19640457182377186,今謝罪の動画となんかこう来ていた質問に答える見解みたいなものが出ていますけどあれも誰から来てる質問なのかもよくわからないですし、今本当にすごく曖昧な状況で何も言ってないし結局何も変わってないみたいな状況だと思うのできちんと前に出て答えていく必要があるなぁと思ってます
来る,0.32827191578875325,今謝罪の動画となんかこう来ていた質問に答える見解みたいなものが出ていますけどあれも誰から来てる質問なのかもよくわからないですし、今本当にすごく曖昧な状況で何も言ってないし結局何も変わってないみたいな状況だと思うのできちんと前に出て答えていく必要があるなぁと思ってます
状況,0.30749556897486124,今謝罪の動画となんかこう来ていた質問に答える見解みたいなものが出ていますけどあれも誰から来てる質問なのかもよくわからないですし、今本当にすごく曖昧な状況で何も言ってないし結局何も変わってないみたいな状況だと思うのできちんと前に出て答えていく必要があるなぁと思ってます
答える,0.35505728544965454,今謝罪の動画となんかこう来ていた質問に答える見解みたいなものが出ていますけどあれも誰から来てる質問なのかもよくわからないですし、今本当にすごく曖昧な状況で何も言ってないし結局何も変わってないみたいな状況だと思うのできちんと前に出て答えていく必要があるなぁと思ってます
結局,0.19640457182377186,今謝罪の動画となんかこう来ていた質問に答える見解みたいなものが出ていますけどあれも誰から来てる質問なのかもよくわからないですし、今本当にすごく曖昧な状況で何も言ってないし結局何も変わってないみたいな状況だと思うのできちんと前に出て答えていく必要があるなぁと思ってます
見解,0.19640457182377186,今謝罪の動画となんかこう来ていた質問に答える見解みたいなものが出ていますけどあれも誰から来てる質問なのかもよくわからないですし、今本当にすごく曖昧な状況で何も言ってないし結局何も変わってないみたいな状況だと思うのできちんと前に出て答えていく必要があるなぁと思ってます
言う,0.14526002879543207,今謝罪の動画となんかこう来ていた質問に答える見解みたいなものが出ていますけどあれも誰から来てる質問なのかもよくわからないですし、今本当にすごく曖昧な状況で何も言ってないし結局何も変わってないみたいな状況だと思うのできちんと前に出て答えていく必要があるなぁと思ってます
謝罪,0.16413595789437663,今謝罪の動画となんかこう来ていた質問に答える見解みたいなものが出ていますけどあれも誰から来てる質問なのかもよくわからないですし、今本当にすごく曖昧な状況で何も言ってないし結局何も変わってないみたいな状況だと思うのできちんと前に出て答えていく必要があるなぁと思ってます
質問,0.35505728544965454,今謝罪の動画となんかこう来ていた質問に答える見解みたいなものが出ていますけどあれも誰から来てる質問なのかもよくわからないですし、今本当にすごく曖昧な状況で何も言ってないし結局何も変わってないみたいな状況だと思うのできちんと前に出て答えていく必要があるなぁと思ってます
さん,0.35691842496913057,もしこのまま最初に動画で謝罪のジュリーさんが出した時によくよく見ると何をするとも言っていない感じはしたと僕は思ったし、その後東山さんが僕がこう最初に喋りますみたいに言った時のもうよくよく聞くと何を変えるって事はあんまりはっきり名前を変えようか検討してます、みたいな話をちょっとあったんですけどでこのまま何か次の大きなアクションを起こさないでずっと行ったらどうなると思いますか
その後,0.149138961044719,もしこのまま最初に動画で謝罪のジュリーさんが出した時によくよく見ると何をするとも言っていない感じはしたと僕は思ったし、その後東山さんが僕がこう最初に喋りますみたいに言った時のもうよくよく聞くと何を変えるって事はあんまりはっきり名前を変えようか検討してます、みたいな話をちょっとあったんですけどでこのまま何か次の大きなアクションを起こさないでずっと行ったらどうなると思いますか
まま,0.3226159297610794,もしこのまま最初に動画で謝罪のジュリーさんが出した時によくよく見ると何をするとも言っていない感じはしたと僕は思ったし、その後東山さんが僕がこう最初に喋りますみたいに言った時のもうよくよく聞くと何を変えるって事はあんまりはっきり名前を変えようか検討してます、みたいな話をちょっとあったんですけどでこのまま何か次の大きなアクションを起こさないでずっと行ったらどうなると思いますか
みたい,0.25093422345758504,もしこのまま最初に動画で謝罪のジュリーさんが出した時によくよく見ると何をするとも言っていない感じはしたと僕は思ったし、その後東山さんが僕がこう最初に喋りますみたいに言った時のもうよくよく聞くと何を変えるって事はあんまりはっきり名前を変えようか検討してます、みたいな話をちょっとあったんですけどでこのまま何か次の大きなアクションを起こさないでずっと行ったらどうなると思いますか
アクション,0.17845921248456528,もしこのまま最初に動画で謝罪のジュリーさんが出した時によくよく見ると何をするとも言っていない感じはしたと僕は思ったし、その後東山さんが僕がこう最初に喋りますみたいに言った時のもうよくよく聞くと何を変えるって事はあんまりはっきり名前を変えようか検討してます、みたいな話をちょっとあったんですけどでこのまま何か次の大きなアクションを起こさないでずっと行ったらどうなると思いますか
ジュリー,0.1613079648805397,もしこのまま最初に動画で謝罪のジュリーさんが出した時によくよく見ると何をするとも言っていない感じはしたと僕は思ったし、その後東山さんが僕がこう最初に喋りますみたいに言った時のもうよくよく聞くと何を変えるって事はあんまりはっきり名前を変えようか検討してます、みたいな話をちょっとあったんですけどでこのまま何か次の大きなアクションを起こさないでずっと行ったらどうなると思いますか
出す,0.1613079648805397,もしこのまま最初に動画で謝罪のジュリーさんが出した時によくよく見ると何をするとも言っていない感じはしたと僕は思ったし、その後東山さんが僕がこう最初に喋りますみたいに言った時のもうよくよく聞くと何を変えるって事はあんまりはっきり名前を変えようか検討してます、みたいな話をちょっとあったんですけどでこのまま何か次の大きなアクションを起こさないでずっと行ったらどうなると思いますか
動画,0.13969994835707084,もしこのまま最初に動画で謝罪のジュリーさんが出した時によくよく見ると何をするとも言っていない感じはしたと僕は思ったし、その後東山さんが僕がこう最初に喋りますみたいに言った時のもうよくよく聞くと何を変えるって事はあんまりはっきり名前を変えようか検討してます、みたいな話をちょっとあったんですけどでこのまま何か次の大きなアクションを起こさないでずっと行ったらどうなると思いますか
名前,0.17845921248456528,もしこのまま最初に動画で謝罪のジュリーさんが出した時によくよく見ると何をするとも言っていない感じはしたと僕は思ったし、その後東山さんが僕がこう最初に喋りますみたいに言った時のもうよくよく聞くと何を変えるって事はあんまりはっきり名前を変えようか検討してます、みたいな話をちょっとあったんですけどでこのまま何か次の大きなアクションを起こさないでずっと行ったらどうなると思いますか
喋る,0.1613079648805397,もしこのまま最初に動画で謝罪のジュリーさんが出した時によくよく見ると何をするとも言っていない感じはしたと僕は思ったし、その後東山さんが僕がこう最初に喋りますみたいに言った時のもうよくよく聞くと何を変えるって事はあんまりはっきり名前を変えようか検討してます、みたいな話をちょっとあったんですけどでこのまま何か次の大きなアクションを起こさないでずっと行ったらどうなると思いますか
変える,0.35691842496913057,もしこのまま最初に動画で謝罪のジュリーさんが出した時によくよく見ると何をするとも言っていない感じはしたと僕は思ったし、その後東山さんが僕がこう最初に喋りますみたいに言った時のもうよくよく聞くと何を変えるって事はあんまりはっきり名前を変えようか検討してます、みたいな話をちょっとあったんですけどでこのまま何か次の大きなアクションを起こさないでずっと行ったらどうなると思いますか
思う,0.1540556151743305,もしこのまま最初に動画で謝罪のジュリーさんが出した時によくよく見ると何をするとも言っていない感じはしたと僕は思ったし、その後東山さんが僕がこう最初に喋りますみたいに言った時のもうよくよく聞くと何を変えるって事はあんまりはっきり名前を変えようか検討してます、みたいな話をちょっとあったんですけどでこのまま何か次の大きなアクションを起こさないでずっと行ったらどうなると思いますか
感じ,0.1613079648805397,もしこのまま最初に動画で謝罪のジュリーさんが出した時によくよく見ると何をするとも言っていない感じはしたと僕は思ったし、その後東山さんが僕がこう最初に喋りますみたいに言った時のもうよくよく聞くと何を変えるって事はあんまりはっきり名前を変えようか検討してます、みたいな話をちょっとあったんですけどでこのまま何か次の大きなアクションを起こさないでずっと行ったらどうなると思いますか
最初,0.3226159297610794,もしこのまま最初に動画で謝罪のジュリーさんが出した時によくよく見ると何をするとも言っていない感じはしたと僕は思ったし、その後東山さんが僕がこう最初に喋りますみたいに言った時のもうよくよく聞くと何を変えるって事はあんまりはっきり名前を変えようか検討してます、みたいな話をちょっとあったんですけどでこのまま何か次の大きなアクションを起こさないでずっと行ったらどうなると思いますか
東山,0.17845921248456528,もしこのまま最初に動画で謝罪のジュリーさんが出した時によくよく見ると何をするとも言っていない感じはしたと僕は思ったし、その後東山さんが僕がこう最初に喋りますみたいに言った時のもうよくよく聞くと何を変えるって事はあんまりはっきり名前を変えようか検討してます、みたいな話をちょっとあったんですけどでこのまま何か次の大きなアクションを起こさないでずっと行ったらどうなると思いますか
検討,0.17845921248456528,もしこのまま最初に動画で謝罪のジュリーさんが出した時によくよく見ると何をするとも言っていない感じはしたと僕は思ったし、その後東山さんが僕がこう最初に喋りますみたいに言った時のもうよくよく聞くと何を変えるって事はあんまりはっきり名前を変えようか検討してます、みたいな話をちょっとあったんですけどでこのまま何か次の大きなアクションを起こさないでずっと行ったらどうなると思いますか
聞く,0.1319877134406934,もしこのまま最初に動画で謝罪のジュリーさんが出した時によくよく見ると何をするとも言っていない感じはしたと僕は思ったし、その後東山さんが僕がこう最初に喋りますみたいに言った時のもうよくよく聞くと何を変えるって事はあんまりはっきり名前を変えようか検討してます、みたいな話をちょっとあったんですけどでこのまま何か次の大きなアクションを起こさないでずっと行ったらどうなると思いますか
行く,0.13969994835707084,もしこのまま最初に動画で謝罪のジュリーさんが出した時によくよく見ると何をするとも言っていない感じはしたと僕は思ったし、その後東山さんが僕がこう最初に喋りますみたいに言った時のもうよくよく聞くと何を変えるって事はあんまりはっきり名前を変えようか検討してます、みたいな話をちょっとあったんですけどでこのまま何か次の大きなアクションを起こさないでずっと行ったらどうなると思いますか
見る,0.149138961044719,もしこのまま最初に動画で謝罪のジュリーさんが出した時によくよく見ると何をするとも言っていない感じはしたと僕は思ったし、その後東山さんが僕がこう最初に喋りますみたいに言った時のもうよくよく聞くと何を変えるって事はあんまりはっきり名前を変えようか検討してます、みたいな話をちょっとあったんですけどでこのまま何か次の大きなアクションを起こさないでずっと行ったらどうなると思いますか
言う,0.2639754268813868,もしこのまま最初に動画で謝罪のジュリーさんが出した時によくよく見ると何をするとも言っていない感じはしたと僕は思ったし、その後東山さんが僕がこう最初に喋りますみたいに言った時のもうよくよく聞くと何を変えるって事はあんまりはっきり名前を変えようか検討してます、みたいな話をちょっとあったんですけどでこのまま何か次の大きなアクションを起こさないでずっと行ったらどうなると思いますか
謝罪,0.149138961044719,もしこのまま最初に動画で謝罪のジュリーさんが出した時によくよく見ると何をするとも言っていない感じはしたと僕は思ったし、その後東山さんが僕がこう最初に喋りますみたいに言った時のもうよくよく聞くと何を変えるって事はあんまりはっきり名前を変えようか検討してます、みたいな話をちょっとあったんですけどでこのまま何か次の大きなアクションを起こさないでずっと行ったらどうなると思いますか
起こす,0.1613079648805397,もしこのまま最初に動画で謝罪のジュリーさんが出した時によくよく見ると何をするとも言っていない感じはしたと僕は思ったし、その後東山さんが僕がこう最初に喋りますみたいに言った時のもうよくよく聞くと何を変えるって事はあんまりはっきり名前を変えようか検討してます、みたいな話をちょっとあったんですけどでこのまま何か次の大きなアクションを起こさないでずっと行ったらどうなると思いますか
しまう,0.2175829202849444,このまま行ってもただジャニーズ事務所がこのまま何もなかったようにしようと思ってももう多くの人は知ってしまったのでスルーすることはできないと思うんですよね
できる,0.29419160005064127,このまま行ってもただジャニーズ事務所がこのまま何もなかったようにしようと思ってももう多くの人は知ってしまったのでスルーすることはできないと思うんですよね
ない,0.23029660818274192,このまま行ってもただジャニーズ事務所がこのまま何もなかったようにしようと思ってももう多くの人は知ってしまったのでスルーすることはできないと思うんですよね
まま,0.5318352314619004,このまま行ってもただジャニーズ事務所がこのまま何もなかったようにしようと思ってももう多くの人は知ってしまったのでスルーすることはできないと思うんですよね
よう,0.2068336503301474,このまま行ってもただジャニーズ事務所がこのまま何もなかったようにしようと思ってももう多くの人は知ってしまったのでスルーすることはできないと思うんですよね
ジャ,0.16366666870399377,このまま行ってもただジャニーズ事務所がこのまま何もなかったようにしようと思ってももう多くの人は知ってしまったのでスルーすることはできないと思うんですよね
スルー,0.29419160005064127,このまま行ってもただジャニーズ事務所がこのまま何もなかったようにしようと思ってももう多くの人は知ってしまったのでスルーすることはできないと思うんですよね
ニーズ,0.16366666870399377,このまま行ってもただジャニーズ事務所がこのまま何もなかったようにしようと思ってももう多くの人は知ってしまったのでスルーすることはできないと思うんですよね
事務所,0.1975222091586296,このまま行ってもただジャニーズ事務所がこのまま何もなかったようにしようと思ってももう多くの人は知ってしまったのでスルーすることはできないと思うんですよね
多く,0.2659176157309502,このまま行ってもただジャニーズ事務所がこのまま何もなかったようにしようと思ってももう多くの人は知ってしまったのでスルーすることはできないと思うんですよね
思う,0.2539620526950491,このまま行ってもただジャニーズ事務所がこのまま何もなかったようにしようと思ってももう多くの人は知ってしまったのでスルーすることはできないと思うんですよね
知る,0.29419160005064127,このまま行ってもただジャニーズ事務所がこのまま何もなかったようにしようと思ってももう多くの人は知ってしまったのでスルーすることはできないと思うんですよね
行う,0.29419160005064127,このまま行ってもただジャニーズ事務所がこのまま何もなかったようにしようと思ってももう多くの人は知ってしまったのでスルーすることはできないと思うんですよね
いく,0.23532860114616935,そうなった中でじゃあこれを今その多くの告発者が出ているのもこの状況を何とかしたいっていう思いからだと思うんですけど、じゃあそれでも変わらないってなったら例えば集団訴訟を起こすとかそういった話になっていく
これ,0.30255241557745666,そうなった中でじゃあこれを今その多くの告発者が出ているのもこの状況を何とかしたいっていう思いからだと思うんですけど、じゃあそれでも変わらないってなったら例えば集団訴訟を起こすとかそういった話になっていく
出る,0.24755877093608103,そうなった中でじゃあこれを今その多くの告発者が出ているのもこの状況を何とかしたいっていう思いからだと思うんですけど、じゃあそれでも変わらないってなったら例えば集団訴訟を起こすとかそういった話になっていく
告発,0.3347216354706464,そうなった中でじゃあこれを今その多くの告発者が出ているのもこの状況を何とかしたいっていう思いからだと思うんですけど、じゃあそれでも変わらないってなったら例えば集団訴訟を起こすとかそういった話になっていく
変わる,0.30255241557745666,そうなった中でじゃあこれを今その多くの告発者が出ているのもこの状況を何とかしたいっていう思いからだと思うんですけど、じゃあそれでも変わらないってなったら例えば集団訴訟を起こすとかそういった話になっていく
多く,0.30255241557745666,そうなった中でじゃあこれを今その多くの告発者が出ているのもこの状況を何とかしたいっていう思いからだと思うんですけど、じゃあそれでも変わらないってなったら例えば集団訴訟を起こすとかそういった話になっていく
思い,0.30255241557745666,そうなった中でじゃあこれを今その多くの告発者が出ているのもこの状況を何とかしたいっていう思いからだと思うんですけど、じゃあそれでも変わらないってなったら例えば集団訴訟を起こすとかそういった話になっていく
思う,0.14447488237416795,そうなった中でじゃあこれを今その多くの告発者が出ているのもこの状況を何とかしたいっていう思いからだと思うんですけど、じゃあそれでも変わらないってなったら例えば集団訴訟を起こすとかそういった話になっていく
状況,0.2620239915789601,そうなった中でじゃあこれを今その多くの告発者が出ているのもこの状況を何とかしたいっていう思いからだと思うんですけど、じゃあそれでも変わらないってなったら例えば集団訴訟を起こすとかそういった話になっていく
訴訟,0.3347216354706464,そうなった中でじゃあこれを今その多くの告発者が出ているのもこの状況を何とかしたいっていう思いからだと思うんですけど、じゃあそれでも変わらないってなったら例えば集団訴訟を起こすとかそういった話になっていく
起こす,0.30255241557745666,そうなった中でじゃあこれを今その多くの告発者が出ているのもこの状況を何とかしたいっていう思いからだと思うんですけど、じゃあそれでも変わらないってなったら例えば集団訴訟を起こすとかそういった話になっていく
集団,0.3347216354706464,そうなった中でじゃあこれを今その多くの告発者が出ているのもこの状況を何とかしたいっていう思いからだと思うんですけど、じゃあそれでも変わらないってなったら例えば集団訴訟を起こすとかそういった話になっていく
いい,0.2713697321699081,なんかそれしかないって思う人もすごく増えていくんじゃないかなと思っていて、でもそれってジャニーズ事務所にとっても何もいいことがないと思うんですよね
いく,0.22829699407497653,なんかそれしかないって思う人もすごく増えていくんじゃないかなと思っていて、でもそれってジャニーズ事務所にとっても何もいいことがないと思うんですよね
すごい,0.17494655684080754,なんかそれしかないって思う人もすごく増えていくんじゃないかなと思っていて、でもそれってジャニーズ事務所にとっても何もいいことがないと思うんですよね
それ,0.43603858987147825,なんかそれしかないって思う人もすごく増えていくんじゃないかなと思っていて、でもそれってジャニーズ事務所にとっても何もいいことがないと思うんですよね
ない,0.5083894550994086,なんかそれしかないって思う人もすごく増えていくんじゃないかなと思っていて、でもそれってジャニーズ事務所にとっても何もいいことがないと思うんですよね
ジャ,0.18065052971673376,なんかそれしかないって思う人もすごく増えていくんじゃないかなと思っていて、でもそれってジャニーズ事務所にとっても何もいいことがないと思うんですよね
ニーズ,0.18065052971673376,なんかそれしかないって思う人もすごく増えていくんじゃないかなと思っていて、でもそれってジャニーズ事務所にとっても何もいいことがないと思うんですよね
事務所,0.21801929493573913,なんかそれしかないって思う人もすごく増えていくんじゃないかなと思っていて、でもそれってジャニーズ事務所にとっても何もいいことがないと思うんですよね
増える,0.3247201694040771,なんかそれしかないって思う人もすごく増えていくんじゃないかなと思っていて、でもそれってジャニーズ事務所にとっても何もいいことがないと思うんですよね
思う,0.42047393990420506,なんかそれしかないって思う人もすごく増えていくんじゃないかなと思っていて、でもそれってジャニーズ事務所にとっても何もいいことがないと思うんですよね
署名,0.6100918182199107,署名を集めてですね
集める,0.7923307221994634,署名を集めてですね
これ,0.2920544973174261,ジャニーズ事務所に提出されたということですがどのような内容の署名をこれまでどれぐらい合計で数を集めて提出されたんでしょうか
どれ,0.32310751445188696,ジャニーズ事務所に提出されたということですがどのような内容の署名をこれまでどれぐらい合計で数を集めて提出されたんでしょうか
よう,0.22716320469952506,ジャニーズ事務所に提出されたということですがどのような内容の署名をこれまでどれぐらい合計で数を集めて提出されたんでしょうか
ジャ,0.1797533665626922,ジャニーズ事務所に提出されたということですがどのような内容の署名をこれまでどれぐらい合計で数を集めて提出されたんでしょうか
ニーズ,0.1797533665626922,ジャニーズ事務所に提出されたということですがどのような内容の署名をこれまでどれぐらい合計で数を集めて提出されたんでしょうか
事務所,0.2169365476081051,ジャニーズ事務所に提出されたということですがどのような内容の署名をこれまでどれぐらい合計で数を集めて提出されたんでしょうか
内容,0.2920544973174261,ジャニーズ事務所に提出されたということですがどのような内容の署名をこれまでどれぐらい合計で数を集めて提出されたんでしょうか
合計,0.32310751445188696,ジャニーズ事務所に提出されたということですがどのような内容の署名をこれまでどれぐらい合計で数を集めて提出されたんでしょうか
提出,0.5841089946348522,ジャニーズ事務所に提出されたということですがどのような内容の署名をこれまでどれぐらい合計で数を集めて提出されたんでしょうか
署名,0.20791599676107442,ジャニーズ事務所に提出されたということですがどのような内容の署名をこれまでどれぐらい合計で数を集めて提出されたんでしょうか
集める,0.270022031029996,ジャニーズ事務所に提出されたということですがどのような内容の署名をこれまでどれぐらい合計で数を集めて提出されたんでしょうか
その後,0.30268781746584644,えー第1回目の署名を署名の提出を5月9日、5月8日に締め切ってその後郵送で提出しました
提出,0.6547713017111285,えー第1回目の署名を署名の提出を5月9日、5月8日に締め切ってその後郵送で提出しました
締め切る,0.3621952919293155,えー第1回目の署名を署名の提出を5月9日、5月8日に締め切ってその後郵送で提出しました
署名,0.466137070636688,えー第1回目の署名を署名の提出を5月9日、5月8日に締め切ってその後郵送で提出しました
郵送,0.3621952919293155,えー第1回目の署名を署名の提出を5月9日、5月8日に締め切ってその後郵送で提出しました
あと,0.12362743782127819,署名の内容は被害者の声を耳を傾けてくださいというのを第一に掲げていて、その被害の実態調査と検証してでその検証の結果事実を明らかにして被害者に対して謝罪してほしい謝罪とともに被害者のトラウマからの回復のケアにつなげてほしいということと、あとは二度と同じような事件が起こらないように再発防止をきちんとしてほしいというところを署名で求めていました
いう,0.10706691818931442,署名の内容は被害者の声を耳を傾けてくださいというのを第一に掲げていて、その被害の実態調査と検証してでその検証の結果事実を明らかにして被害者に対して謝罪してほしい謝罪とともに被害者のトラウマからの回復のケアにつなげてほしいということと、あとは二度と同じような事件が起こらないように再発防止をきちんとしてほしいというところを署名で求めていました
くださる,0.13677226175042703,署名の内容は被害者の声を耳を傾けてくださいというのを第一に掲げていて、その被害の実態調査と検証してでその検証の結果事実を明らかにして被害者に対して謝罪してほしい謝罪とともに被害者のトラウマからの回復のケアにつなげてほしいということと、あとは二度と同じような事件が起こらないように再発防止をきちんとしてほしいというところを署名で求めていました
つなげる,0.13677226175042703,署名の内容は被害者の声を耳を傾けてくださいというのを第一に掲げていて、その被害の実態調査と検証してでその検証の結果事実を明らかにして被害者に対して謝罪してほしい謝罪とともに被害者のトラウマからの回復のケアにつなげてほしいということと、あとは二度と同じような事件が起こらないように再発防止をきちんとしてほしいというところを署名で求めていました
ところ,0.10706691818931442,署名の内容は被害者の声を耳を傾けてくださいというのを第一に掲げていて、その被害の実態調査と検証してでその検証の結果事実を明らかにして被害者に対して謝罪してほしい謝罪とともに被害者のトラウマからの回復のケアにつなげてほしいということと、あとは二度と同じような事件が起こらないように再発防止をきちんとしてほしいというところを署名で求めていました
ほしい,0.3708823134638346,署名の内容は被害者の声を耳を傾けてくださいというのを第一に掲げていて、その被害の実態調査と検証してでその検証の結果事実を明らかにして被害者に対して謝罪してほしい謝罪とともに被害者のトラウマからの回復のケアにつなげてほしいということと、あとは二度と同じような事件が起こらないように再発防止をきちんとしてほしいというところを署名で求めていました
よう,0.19231756553811608,署名の内容は被害者の声を耳を傾けてくださいというのを第一に掲げていて、その被害の実態調査と検証してでその検証の結果事実を明らかにして被害者に対して謝罪してほしい謝罪とともに被害者のトラウマからの回復のケアにつなげてほしいということと、あとは二度と同じような事件が起こらないように再発防止をきちんとしてほしいというところを署名で求めていました
ケア,0.13677226175042703,署名の内容は被害者の声を耳を傾けてくださいというのを第一に掲げていて、その被害の実態調査と検証してでその検証の結果事実を明らかにして被害者に対して謝罪してほしい謝罪とともに被害者のトラウマからの回復のケアにつなげてほしいということと、あとは二度と同じような事件が起こらないように再発防止をきちんとしてほしいというところを署名で求めていました
トラウマ,0.13677226175042703,署名の内容は被害者の声を耳を傾けてくださいというのを第一に掲げていて、その被害の実態調査と検証してでその検証の結果事実を明らかにして被害者に対して謝罪してほしい謝罪とともに被害者のトラウマからの回復のケアにつなげてほしいということと、あとは二度と同じような事件が起こらないように再発防止をきちんとしてほしいというところを署名で求めていました
事件,0.13677226175042703,署名の内容は被害者の声を耳を傾けてくださいというのを第一に掲げていて、その被害の実態調査と検証してでその検証の結果事実を明らかにして被害者に対して謝罪してほしい謝罪とともに被害者のトラウマからの回復のケアにつなげてほしいということと、あとは二度と同じような事件が起こらないように再発防止をきちんとしてほしいというところを署名で求めていました
事実,0.13677226175042703,署名の内容は被害者の声を耳を傾けてくださいというのを第一に掲げていて、その被害の実態調査と検証してでその検証の結果事実を明らかにして被害者に対して謝罪してほしい謝罪とともに被害者のトラウマからの回復のケアにつなげてほしいということと、あとは二度と同じような事件が起こらないように再発防止をきちんとしてほしいというところを署名で求めていました
傾ける,0.13677226175042703,署名の内容は被害者の声を耳を傾けてくださいというのを第一に掲げていて、その被害の実態調査と検証してでその検証の結果事実を明らかにして被害者に対して謝罪してほしい謝罪とともに被害者のトラウマからの回復のケアにつなげてほしいということと、あとは二度と同じような事件が起こらないように再発防止をきちんとしてほしいというところを署名で求めていました
内容,0.12362743782127819,署名の内容は被害者の声を耳を傾けてくださいというのを第一に掲げていて、その被害の実態調査と検証してでその検証の結果事実を明らかにして被害者に対して謝罪してほしい謝罪とともに被害者のトラウマからの回復のケアにつなげてほしいということと、あとは二度と同じような事件が起こらないように再発防止をきちんとしてほしいというところを署名で求めていました
再発,0.13677226175042703,署名の内容は被害者の声を耳を傾けてくださいというのを第一に掲げていて、その被害の実態調査と検証してでその検証の結果事実を明らかにして被害者に対して謝罪してほしい謝罪とともに被害者のトラウマからの回復のケアにつなげてほしいということと、あとは二度と同じような事件が起こらないように再発防止をきちんとしてほしいというところを署名で求めていました
回復,0.13677226175042703,署名の内容は被害者の声を耳を傾けてくださいというのを第一に掲げていて、その被害の実態調査と検証してでその検証の結果事実を明らかにして被害者に対して謝罪してほしい謝罪とともに被害者のトラウマからの回復のケアにつなげてほしいということと、あとは二度と同じような事件が起こらないように再発防止をきちんとしてほしいというところを署名で求めていました
実態,0.13677226175042703,署名の内容は被害者の声を耳を傾けてくださいというのを第一に掲げていて、その被害の実態調査と検証してでその検証の結果事実を明らかにして被害者に対して謝罪してほしい謝罪とともに被害者のトラウマからの回復のケアにつなげてほしいということと、あとは二度と同じような事件が起こらないように再発防止をきちんとしてほしいというところを署名で求めていました
掲げる,0.13677226175042703,署名の内容は被害者の声を耳を傾けてくださいというのを第一に掲げていて、その被害の実態調査と検証してでその検証の結果事実を明らかにして被害者に対して謝罪してほしい謝罪とともに被害者のトラウマからの回復のケアにつなげてほしいということと、あとは二度と同じような事件が起こらないように再発防止をきちんとしてほしいというところを署名で求めていました
明らか,0.13677226175042703,署名の内容は被害者の声を耳を傾けてくださいというのを第一に掲げていて、その被害の実態調査と検証してでその検証の結果事実を明らかにして被害者に対して謝罪してほしい謝罪とともに被害者のトラウマからの回復のケアにつなげてほしいということと、あとは二度と同じような事件が起こらないように再発防止をきちんとしてほしいというところを署名で求めていました
検証,0.27354452350085406,署名の内容は被害者の声を耳を傾けてくださいというのを第一に掲げていて、その被害の実態調査と検証してでその検証の結果事実を明らかにして被害者に対して謝罪してほしい謝罪とともに被害者のトラウマからの回復のケアにつなげてほしいということと、あとは二度と同じような事件が起こらないように再発防止をきちんとしてほしいというところを署名で求めていました
求める,0.12362743782127819,署名の内容は被害者の声を耳を傾けてくださいというのを第一に掲げていて、その被害の実態調査と検証してでその検証の結果事実を明らかにして被害者に対して謝罪してほしい謝罪とともに被害者のトラウマからの回復のケアにつなげてほしいということと、あとは二度と同じような事件が起こらないように再発防止をきちんとしてほしいというところを署名で求めていました
結果,0.13677226175042703,署名の内容は被害者の声を耳を傾けてくださいというのを第一に掲げていて、その被害の実態調査と検証してでその検証の結果事実を明らかにして被害者に対して謝罪してほしい謝罪とともに被害者のトラウマからの回復のケアにつなげてほしいということと、あとは二度と同じような事件が起こらないように再発防止をきちんとしてほしいというところを署名で求めていました
署名,0.17602277792484525,署名の内容は被害者の声を耳を傾けてくださいというのを第一に掲げていて、その被害の実態調査と検証してでその検証の結果事実を明らかにして被害者に対して謝罪してほしい謝罪とともに被害者のトラウマからの回復のケアにつなげてほしいということと、あとは二度と同じような事件が起こらないように再発防止をきちんとしてほしいというところを署名で求めていました
被害,0.5470890470017081,署名の内容は被害者の声を耳を傾けてくださいというのを第一に掲げていて、その被害の実態調査と検証してでその検証の結果事実を明らかにして被害者に対して謝罪してほしい謝罪とともに被害者のトラウマからの回復のケアにつなげてほしいということと、あとは二度と同じような事件が起こらないように再発防止をきちんとしてほしいというところを署名で求めていました
調査,0.13677226175042703,署名の内容は被害者の声を耳を傾けてくださいというのを第一に掲げていて、その被害の実態調査と検証してでその検証の結果事実を明らかにして被害者に対して謝罪してほしい謝罪とともに被害者のトラウマからの回復のケアにつなげてほしいということと、あとは二度と同じような事件が起こらないように再発防止をきちんとしてほしいというところを署名で求めていました
謝罪,0.2286020736414406,署名の内容は被害者の声を耳を傾けてくださいというのを第一に掲げていて、その被害の実態調査と検証してでその検証の結果事実を明らかにして被害者に対して謝罪してほしい謝罪とともに被害者のトラウマからの回復のケアにつなげてほしいということと、あとは二度と同じような事件が起こらないように再発防止をきちんとしてほしいというところを署名で求めていました
起こる,0.13677226175042703,署名の内容は被害者の声を耳を傾けてくださいというのを第一に掲げていて、その被害の実態調査と検証してでその検証の結果事実を明らかにして被害者に対して謝罪してほしい謝罪とともに被害者のトラウマからの回復のケアにつなげてほしいということと、あとは二度と同じような事件が起こらないように再発防止をきちんとしてほしいというところを署名で求めていました
防止,0.13677226175042703,署名の内容は被害者の声を耳を傾けてくださいというのを第一に掲げていて、その被害の実態調査と検証してでその検証の結果事実を明らかにして被害者に対して謝罪してほしい謝罪とともに被害者のトラウマからの回復のケアにつなげてほしいということと、あとは二度と同じような事件が起こらないように再発防止をきちんとしてほしいというところを署名で求めていました
どの,0.46214327954404333,署名の数って1回目2回目どのぐらい集まったんでしょう1回目は16125筆集まりました
署名,0.29738392428239135,署名の数って1回目2回目どのぐらい集まったんでしょう1回目は16125筆集まりました
集まる,0.8354557982028021,署名の数って1回目2回目どのぐらい集まったんでしょう1回目は16125筆集まりました
いく,0.30070471878620836,その後も署名を募集を続けていって2回目の締め切りでは約4万筆集まったところです
その後,0.3574386046118566,その後も署名を募集を続けていって2回目の締め切りでは約4万筆集まったところです
ところ,0.3348162965284919,その後も署名を募集を続けていって2回目の締め切りでは約4万筆集まったところです
募集,0.386603832263455,その後も署名を募集を続けていって2回目の締め切りでは約4万筆集まったところです
続ける,0.3348162965284919,その後も署名を募集を続けていって2回目の締め切りでは約4万筆集まったところです
締め切り,0.42770991190884783,その後も署名を募集を続けていって2回目の締め切りでは約4万筆集まったところです
署名,0.27522644532107104,その後も署名を募集を続けていって2回目の締め切りでは約4万筆集まったところです
集まる,0.386603832263455,その後も署名を募集を続けていって2回目の締め切りでは約4万筆集まったところです
くる,0.3289531058627253,今集計中なので集計が終わったら具体的な数が出てくるかなと思います
具体,0.3639294083220807,今集計中なので集計が終わったら具体的な数が出てくるかなと思います
出る,0.2691607218787335,今集計中なので集計が終わったら具体的な数が出てくるかなと思います
思う,0.15708174461415736,今集計中なので集計が終わったら具体的な数が出てくるかなと思います
終わる,0.3639294083220807,今集計中なので集計が終わったら具体的な数が出てくるかなと思います
集計,0.7278588166441614,今集計中なので集計が終わったら具体的な数が出てくるかなと思います
あれ,0.3320859281361705,やっぱりあの僕はすごくそう思ったんですけども、あの1回目の署名を出された後に藤島ジュリー景子社長が声明を文章と動画で出されてやっぱあれがすごく利いたって言い方あれですけど、あれの影響が大きかったんじゃないかなと思うんですけど、そういう実感はお持ちですか
すごい,0.24190902701545944,やっぱりあの僕はすごくそう思ったんですけども、あの1回目の署名を出された後に藤島ジュリー景子社長が声明を文章と動画で出されてやっぱあれがすごく利いたって言い方あれですけど、あれの影響が大きかったんじゃないかなと思うんですけど、そういう実感はお持ちですか
ジュリー,0.20292837809172598,やっぱりあの僕はすごくそう思ったんですけども、あの1回目の署名を出された後に藤島ジュリー景子社長が声明を文章と動画で出されてやっぱあれがすごく利いたって言い方あれですけど、あれの影響が大きかったんじゃないかなと思うんですけど、そういう実感はお持ちですか
出す,0.40585675618345196,やっぱりあの僕はすごくそう思ったんですけども、あの1回目の署名を出された後に藤島ジュリー景子社長が声明を文章と動画で出されてやっぱあれがすごく利いたって言い方あれですけど、あれの影響が大きかったんじゃないかなと思うんですけど、そういう実感はお持ちですか
利く,0.22450496211913007,やっぱりあの僕はすごくそう思ったんですけども、あの1回目の署名を出された後に藤島ジュリー景子社長が声明を文章と動画で出されてやっぱあれがすごく利いたって言い方あれですけど、あれの影響が大きかったんじゃないかなと思うんですけど、そういう実感はお持ちですか
動画,0.1757450970297271,やっぱりあの僕はすごくそう思ったんですけども、あの1回目の署名を出された後に藤島ジュリー景子社長が声明を文章と動画で出されてやっぱあれがすごく利いたって言い方あれですけど、あれの影響が大きかったんじゃないかなと思うんですけど、そういう実感はお持ちですか
声明,0.22450496211913007,やっぱりあの僕はすごくそう思ったんですけども、あの1回目の署名を出された後に藤島ジュリー景子社長が声明を文章と動画で出されてやっぱあれがすごく利いたって言い方あれですけど、あれの影響が大きかったんじゃないかなと思うんですけど、そういう実感はお持ちですか
大きい,0.20292837809172598,やっぱりあの僕はすごくそう思ったんですけども、あの1回目の署名を出された後に藤島ジュリー景子社長が声明を文章と動画で出されてやっぱあれがすごく利いたって言い方あれですけど、あれの影響が大きかったんじゃないかなと思うんですけど、そういう実感はお持ちですか
実感,0.22450496211913007,やっぱりあの僕はすごくそう思ったんですけども、あの1回目の署名を出された後に藤島ジュリー景子社長が声明を文章と動画で出されてやっぱあれがすごく利いたって言い方あれですけど、あれの影響が大きかったんじゃないかなと思うんですけど、そういう実感はお持ちですか
影響,0.20292837809172598,やっぱりあの僕はすごくそう思ったんですけども、あの1回目の署名を出された後に藤島ジュリー景子社長が声明を文章と動画で出されてやっぱあれがすごく利いたって言い方あれですけど、あれの影響が大きかったんじゃないかなと思うんですけど、そういう実感はお持ちですか
思う,0.1938047891584396,やっぱりあの僕はすごくそう思ったんですけども、あの1回目の署名を出された後に藤島ジュリー景子社長が声明を文章と動画で出されてやっぱあれがすごく利いたって言い方あれですけど、あれの影響が大きかったんじゃないかなと思うんですけど、そういう実感はお持ちですか
持つ,0.22450496211913007,やっぱりあの僕はすごくそう思ったんですけども、あの1回目の署名を出された後に藤島ジュリー景子社長が声明を文章と動画で出されてやっぱあれがすごく利いたって言い方あれですけど、あれの影響が大きかったんじゃないかなと思うんですけど、そういう実感はお持ちですか
文章,0.22450496211913007,やっぱりあの僕はすごくそう思ったんですけども、あの1回目の署名を出された後に藤島ジュリー景子社長が声明を文章と動画で出されてやっぱあれがすごく利いたって言い方あれですけど、あれの影響が大きかったんじゃないかなと思うんですけど、そういう実感はお持ちですか
景子,0.22450496211913007,やっぱりあの僕はすごくそう思ったんですけども、あの1回目の署名を出された後に藤島ジュリー景子社長が声明を文章と動画で出されてやっぱあれがすごく利いたって言い方あれですけど、あれの影響が大きかったんじゃないかなと思うんですけど、そういう実感はお持ちですか
社長,0.22450496211913007,やっぱりあの僕はすごくそう思ったんですけども、あの1回目の署名を出された後に藤島ジュリー景子社長が声明を文章と動画で出されてやっぱあれがすごく利いたって言い方あれですけど、あれの影響が大きかったんじゃないかなと思うんですけど、そういう実感はお持ちですか
署名,0.14446638004068116,やっぱりあの僕はすごくそう思ったんですけども、あの1回目の署名を出された後に藤島ジュリー景子社長が声明を文章と動画で出されてやっぱあれがすごく利いたって言い方あれですけど、あれの影響が大きかったんじゃないかなと思うんですけど、そういう実感はお持ちですか
藤島,0.22450496211913007,やっぱりあの僕はすごくそう思ったんですけども、あの1回目の署名を出された後に藤島ジュリー景子社長が声明を文章と動画で出されてやっぱあれがすごく利いたって言い方あれですけど、あれの影響が大きかったんじゃないかなと思うんですけど、そういう実感はお持ちですか
言い方,0.22450496211913007,やっぱりあの僕はすごくそう思ったんですけども、あの1回目の署名を出された後に藤島ジュリー景子社長が声明を文章と動画で出されてやっぱあれがすごく利いたって言い方あれですけど、あれの影響が大きかったんじゃないかなと思うんですけど、そういう実感はお持ちですか
あれ,0.14784760178433595,署名署名自体のファンが集めている署名というインパクトもあったかと思うんですけどあれをきっかけに報道機関が報道したりとかして、その署名に対する返答とかをジャニーズ事務所に求めたメディアとかもあったりしたのでそういった影響の方が大きかったのかなというふうに個人的には考えています
きっかけ,0.1806910289950273,署名署名自体のファンが集めている署名というインパクトもあったかと思うんですけどあれをきっかけに報道機関が報道したりとかして、その署名に対する返答とかをジャニーズ事務所に求めたメディアとかもあったりしたのでそういった影響の方が大きかったのかなというふうに個人的には考えています
とかす,0.19990320230844658,署名署名自体のファンが集めている署名というインパクトもあったかと思うんですけどあれをきっかけに報道機関が報道したりとかして、その署名に対する返答とかをジャニーズ事務所に求めたメディアとかもあったりしたのでそういった影響の方が大きかったのかなというふうに個人的には考えています
ふう,0.15648655314624563,署名署名自体のファンが集めている署名というインパクトもあったかと思うんですけどあれをきっかけに報道機関が報道したりとかして、その署名に対する返答とかをジャニーズ事務所に求めたメディアとかもあったりしたのでそういった影響の方が大きかったのかなというふうに個人的には考えています
インパクト,0.19990320230844658,署名署名自体のファンが集めている署名というインパクトもあったかと思うんですけどあれをきっかけに報道機関が報道したりとかして、その署名に対する返答とかをジャニーズ事務所に求めたメディアとかもあったりしたのでそういった影響の方が大きかったのかなというふうに個人的には考えています
ジャ,0.11121150698881979,署名署名自体のファンが集めている署名というインパクトもあったかと思うんですけどあれをきっかけに報道機関が報道したりとかして、その署名に対する返答とかをジャニーズ事務所に求めたメディアとかもあったりしたのでそういった影響の方が大きかったのかなというふうに個人的には考えています
ニーズ,0.11121150698881979,署名署名自体のファンが集めている署名というインパクトもあったかと思うんですけどあれをきっかけに報道機関が報道したりとかして、その署名に対する返答とかをジャニーズ事務所に求めたメディアとかもあったりしたのでそういった影響の方が大きかったのかなというふうに個人的には考えています
ファン,0.1236431259355543,署名署名自体のファンが集めている署名というインパクトもあったかと思うんですけどあれをきっかけに報道機関が報道したりとかして、その署名に対する返答とかをジャニーズ事務所に求めたメディアとかもあったりしたのでそういった影響の方が大きかったのかなというふうに個人的には考えています
メディア,0.19990320230844658,署名署名自体のファンが集めている署名というインパクトもあったかと思うんですけどあれをきっかけに報道機関が報道したりとかして、その署名に対する返答とかをジャニーズ事務所に求めたメディアとかもあったりしたのでそういった影響の方が大きかったのかなというふうに個人的には考えています
事務所,0.1342163478870639,署名署名自体のファンが集めている署名というインパクトもあったかと思うんですけどあれをきっかけに報道機関が報道したりとかして、その署名に対する返答とかをジャニーズ事務所に求めたメディアとかもあったりしたのでそういった影響の方が大きかったのかなというふうに個人的には考えています
個人,0.1806910289950273,署名署名自体のファンが集めている署名というインパクトもあったかと思うんですけどあれをきっかけに報道機関が報道したりとかして、その署名に対する返答とかをジャニーズ事務所に求めたメディアとかもあったりしたのでそういった影響の方が大きかったのかなというふうに個人的には考えています
報道,0.39980640461689315,署名署名自体のファンが集めている署名というインパクトもあったかと思うんですけどあれをきっかけに報道機関が報道したりとかして、その署名に対する返答とかをジャニーズ事務所に求めたメディアとかもあったりしたのでそういった影響の方が大きかったのかなというふうに個人的には考えています
大きい,0.1806910289950273,署名署名自体のファンが集めている署名というインパクトもあったかと思うんですけどあれをきっかけに報道機関が報道したりとかして、その署名に対する返答とかをジャニーズ事務所に求めたメディアとかもあったりしたのでそういった影響の方が大きかったのかなというふうに個人的には考えています
影響,0.1806910289950273,署名署名自体のファンが集めている署名というインパクトもあったかと思うんですけどあれをきっかけに報道機関が報道したりとかして、その署名に対する返答とかをジャニーズ事務所に求めたメディアとかもあったりしたのでそういった影響の方が大きかったのかなというふうに個人的には考えています
思う,0.08628361175136841,署名署名自体のファンが集めている署名というインパクトもあったかと思うんですけどあれをきっかけに報道機関が報道したりとかして、その署名に対する返答とかをジャニーズ事務所に求めたメディアとかもあったりしたのでそういった影響の方が大きかったのかなというふうに個人的には考えています
機関,0.19990320230844658,署名署名自体のファンが集めている署名というインパクトもあったかと思うんですけどあれをきっかけに報道機関が報道したりとかして、その署名に対する返答とかをジャニーズ事務所に求めたメディアとかもあったりしたのでそういった影響の方が大きかったのかなというふうに個人的には考えています
求める,0.1806910289950273,署名署名自体のファンが集めている署名というインパクトもあったかと思うんですけどあれをきっかけに報道機関が報道したりとかして、その署名に対する返答とかをジャニーズ事務所に求めたメディアとかもあったりしたのでそういった影響の方が大きかったのかなというふうに個人的には考えています
署名,0.5145417138836668,署名署名自体のファンが集めている署名というインパクトもあったかと思うんですけどあれをきっかけに報道機関が報道したりとかして、その署名に対する返答とかをジャニーズ事務所に求めたメディアとかもあったりしたのでそういった影響の方が大きかったのかなというふうに個人的には考えています
考える,0.1806910289950273,署名署名自体のファンが集めている署名というインパクトもあったかと思うんですけどあれをきっかけに報道機関が報道したりとかして、その署名に対する返答とかをジャニーズ事務所に求めたメディアとかもあったりしたのでそういった影響の方が大きかったのかなというふうに個人的には考えています
自体,0.19990320230844658,署名署名自体のファンが集めている署名というインパクトもあったかと思うんですけどあれをきっかけに報道機関が報道したりとかして、その署名に対する返答とかをジャニーズ事務所に求めたメディアとかもあったりしたのでそういった影響の方が大きかったのかなというふうに個人的には考えています
返答,0.19990320230844658,署名署名自体のファンが集めている署名というインパクトもあったかと思うんですけどあれをきっかけに報道機関が報道したりとかして、その署名に対する返答とかをジャニーズ事務所に求めたメディアとかもあったりしたのでそういった影響の方が大きかったのかなというふうに個人的には考えています
集める,0.16705977509775524,署名署名自体のファンが集めている署名というインパクトもあったかと思うんですけどあれをきっかけに報道機関が報道したりとかして、その署名に対する返答とかをジャニーズ事務所に求めたメディアとかもあったりしたのでそういった影響の方が大きかったのかなというふうに個人的には考えています
バッシング,0.37589225153978684,なるほどバッシングを含めて応援の声も含めいろんな声あるかなと思うんですけど、どんな声がこうペンライトに対してですね今来てますか
ペンライト,0.3141344124459394,なるほどバッシングを含めて応援の声も含めいろんな声あるかなと思うんですけど、どんな声がこうペンライトに対してですね今来てますか
含める,0.7517845030795737,なるほどバッシングを含めて応援の声も含めいろんな声あるかなと思うんですけど、どんな声がこうペンライトに対してですね今来てますか
応援,0.2642739170778802,なるほどバッシングを含めて応援の声も含めいろんな声あるかなと思うんですけど、どんな声がこうペンライトに対してですね今来てますか
思う,0.1622452302798166,なるほどバッシングを含めて応援の声も含めいろんな声あるかなと思うんですけど、どんな声がこうペンライトに対してですね今来てますか
来る,0.3141344124459394,なるほどバッシングを含めて応援の声も含めいろんな声あるかなと思うんですけど、どんな声がこうペンライトに対してですね今来てますか
きっかけ,0.14519432059392212,そのペンライトの活動を始めたきっかけも私自身がファンとしてタレントを応援したいという気持ちとでも性暴力は許せないっていう気持ちの間ですごく葛藤を抱えていて、同じような声を聞きたいと思って活動を始めたんですけれども、その時匿名でファンの声とかを募集していて同じように葛藤を抱えていてモヤモヤしてる気持ちを抱えている人がすごくたくさんいるんだなというふうに感じました
すごい,0.17308479549947425,そのペンライトの活動を始めたきっかけも私自身がファンとしてタレントを応援したいという気持ちとでも性暴力は許せないっていう気持ちの間ですごく葛藤を抱えていて、同じような声を聞きたいと思って活動を始めたんですけれども、その時匿名でファンの声とかを募集していて同じように葛藤を抱えていてモヤモヤしてる気持ちを抱えている人がすごくたくさんいるんだなというふうに感じました
たくさん,0.14519432059392212,そのペンライトの活動を始めたきっかけも私自身がファンとしてタレントを応援したいという気持ちとでも性暴力は許せないっていう気持ちの間ですごく葛藤を抱えていて、同じような声を聞きたいと思って活動を始めたんですけれども、その時匿名でファンの声とかを募集していて同じように葛藤を抱えていてモヤモヤしてる気持ちを抱えている人がすごくたくさんいるんだなというふうに感じました
ふう,0.1257448080987967,そのペンライトの活動を始めたきっかけも私自身がファンとしてタレントを応援したいという気持ちとでも性暴力は許せないっていう気持ちの間ですごく葛藤を抱えていて、同じような声を聞きたいと思って活動を始めたんですけれども、その時匿名でファンの声とかを募集していて同じように葛藤を抱えていてモヤモヤしてる気持ちを抱えている人がすごくたくさんいるんだなというふうに感じました
よう,0.2258674834542094,そのペンライトの活動を始めたきっかけも私自身がファンとしてタレントを応援したいという気持ちとでも性暴力は許せないっていう気持ちの間ですごく葛藤を抱えていて、同じような声を聞きたいと思って活動を始めたんですけれども、その時匿名でファンの声とかを募集していて同じように葛藤を抱えていてモヤモヤしてる気持ちを抱えている人がすごくたくさんいるんだなというふうに感じました
タレント,0.13424092318694772,そのペンライトの活動を始めたきっかけも私自身がファンとしてタレントを応援したいという気持ちとでも性暴力は許せないっていう気持ちの間ですごく葛藤を抱えていて、同じような声を聞きたいと思って活動を始めたんですけれども、その時匿名でファンの声とかを募集していて同じように葛藤を抱えていてモヤモヤしてる気持ちを抱えている人がすごくたくさんいるんだなというふうに感じました
ファン,0.19870692824285827,そのペンライトの活動を始めたきっかけも私自身がファンとしてタレントを応援したいという気持ちとでも性暴力は許せないっていう気持ちの間ですごく葛藤を抱えていて、同じような声を聞きたいと思って活動を始めたんですけれども、その時匿名でファンの声とかを募集していて同じように葛藤を抱えていてモヤモヤしてる気持ちを抱えている人がすごくたくさんいるんだなというふうに感じました
ペンライト,0.13424092318694772,そのペンライトの活動を始めたきっかけも私自身がファンとしてタレントを応援したいという気持ちとでも性暴力は許せないっていう気持ちの間ですごく葛藤を抱えていて、同じような声を聞きたいと思って活動を始めたんですけれども、その時匿名でファンの声とかを募集していて同じように葛藤を抱えていてモヤモヤしてる気持ちを抱えている人がすごくたくさんいるんだなというふうに感じました
募集,0.14519432059392212,そのペンライトの活動を始めたきっかけも私自身がファンとしてタレントを応援したいという気持ちとでも性暴力は許せないっていう気持ちの間ですごく葛藤を抱えていて、同じような声を聞きたいと思って活動を始めたんですけれども、その時匿名でファンの声とかを募集していて同じように葛藤を抱えていてモヤモヤしてる気持ちを抱えている人がすごくたくさんいるんだなというふうに感じました
匿名,0.16063226716431528,そのペンライトの活動を始めたきっかけも私自身がファンとしてタレントを応援したいという気持ちとでも性暴力は許せないっていう気持ちの間ですごく葛藤を抱えていて、同じような声を聞きたいと思って活動を始めたんですけれども、その時匿名でファンの声とかを募集していて同じように葛藤を抱えていてモヤモヤしてる気持ちを抱えている人がすごくたくさんいるんだなというふうに感じました
始める,0.32126453432863056,そのペンライトの活動を始めたきっかけも私自身がファンとしてタレントを応援したいという気持ちとでも性暴力は許せないっていう気持ちの間ですごく葛藤を抱えていて、同じような声を聞きたいと思って活動を始めたんですけれども、その時匿名でファンの声とかを募集していて同じように葛藤を抱えていてモヤモヤしてる気持ちを抱えている人がすごくたくさんいるんだなというふうに感じました
応援,0.1129337417271047,そのペンライトの活動を始めたきっかけも私自身がファンとしてタレントを応援したいという気持ちとでも性暴力は許せないっていう気持ちの間ですごく葛藤を抱えていて、同じような声を聞きたいと思って活動を始めたんですけれども、その時匿名でファンの声とかを募集していて同じように葛藤を抱えていてモヤモヤしてる気持ちを抱えている人がすごくたくさんいるんだなというふうに感じました
思う,0.0693332173506769,そのペンライトの活動を始めたきっかけも私自身がファンとしてタレントを応援したいという気持ちとでも性暴力は許せないっていう気持ちの間ですごく葛藤を抱えていて、同じような声を聞きたいと思って活動を始めたんですけれども、その時匿名でファンの声とかを募集していて同じように葛藤を抱えていてモヤモヤしてる気持ちを抱えている人がすごくたくさんいるんだなというふうに感じました
感じる,0.16063226716431528,そのペンライトの活動を始めたきっかけも私自身がファンとしてタレントを応援したいという気持ちとでも性暴力は許せないっていう気持ちの間ですごく葛藤を抱えていて、同じような声を聞きたいと思って活動を始めたんですけれども、その時匿名でファンの声とかを募集していて同じように葛藤を抱えていてモヤモヤしてる気持ちを抱えている人がすごくたくさんいるんだなというふうに感じました
抱える,0.43558296178176636,そのペンライトの活動を始めたきっかけも私自身がファンとしてタレントを応援したいという気持ちとでも性暴力は許せないっていう気持ちの間ですごく葛藤を抱えていて、同じような声を聞きたいと思って活動を始めたんですけれども、その時匿名でファンの声とかを募集していて同じように葛藤を抱えていてモヤモヤしてる気持ちを抱えている人がすごくたくさんいるんだなというふうに感じました
暴力,0.16063226716431528,そのペンライトの活動を始めたきっかけも私自身がファンとしてタレントを応援したいという気持ちとでも性暴力は許せないっていう気持ちの間ですごく葛藤を抱えていて、同じような声を聞きたいと思って活動を始めたんですけれども、その時匿名でファンの声とかを募集していて同じように葛藤を抱えていてモヤモヤしてる気持ちを抱えている人がすごくたくさんいるんだなというふうに感じました
気持ち,0.40272276956084313,そのペンライトの活動を始めたきっかけも私自身がファンとしてタレントを応援したいという気持ちとでも性暴力は許せないっていう気持ちの間ですごく葛藤を抱えていて、同じような声を聞きたいと思って活動を始めたんですけれども、その時匿名でファンの声とかを募集していて同じように葛藤を抱えていてモヤモヤしてる気持ちを抱えている人がすごくたくさんいるんだなというふうに感じました
活動,0.26848184637389544,そのペンライトの活動を始めたきっかけも私自身がファンとしてタレントを応援したいという気持ちとでも性暴力は許せないっていう気持ちの間ですごく葛藤を抱えていて、同じような声を聞きたいと思って活動を始めたんですけれども、その時匿名でファンの声とかを募集していて同じように葛藤を抱えていてモヤモヤしてる気持ちを抱えている人がすごくたくさんいるんだなというふうに感じました
聞く,0.11880297661655455,そのペンライトの活動を始めたきっかけも私自身がファンとしてタレントを応援したいという気持ちとでも性暴力は許せないっていう気持ちの間ですごく葛藤を抱えていて、同じような声を聞きたいと思って活動を始めたんですけれども、その時匿名でファンの声とかを募集していて同じように葛藤を抱えていてモヤモヤしてる気持ちを抱えている人がすごくたくさんいるんだなというふうに感じました
自身,0.13424092318694772,そのペンライトの活動を始めたきっかけも私自身がファンとしてタレントを応援したいという気持ちとでも性暴力は許せないっていう気持ちの間ですごく葛藤を抱えていて、同じような声を聞きたいと思って活動を始めたんですけれども、その時匿名でファンの声とかを募集していて同じように葛藤を抱えていてモヤモヤしてる気持ちを抱えている人がすごくたくさんいるんだなというふうに感じました
葛藤,0.29038864118784424,そのペンライトの活動を始めたきっかけも私自身がファンとしてタレントを応援したいという気持ちとでも性暴力は許せないっていう気持ちの間ですごく葛藤を抱えていて、同じような声を聞きたいと思って活動を始めたんですけれども、その時匿名でファンの声とかを募集していて同じように葛藤を抱えていてモヤモヤしてる気持ちを抱えている人がすごくたくさんいるんだなというふうに感じました
許せる,0.16063226716431528,そのペンライトの活動を始めたきっかけも私自身がファンとしてタレントを応援したいという気持ちとでも性暴力は許せないっていう気持ちの間ですごく葛藤を抱えていて、同じような声を聞きたいと思って活動を始めたんですけれども、その時匿名でファンの声とかを募集していて同じように葛藤を抱えていてモヤモヤしてる気持ちを抱えている人がすごくたくさんいるんだなというふうに感じました
あと,0.20434971439793279,一方でこう全く違う考え方の人も当然いるので今こうやって性加害の問題がこう徐々に大きなことになっていっていますけど今まで通りに応援を続けたいのであまり大事にしたくないっていう人もいますし、逆にきちんと清算をするために事務所が対応するべきだとか、あとはファンの方じゃないかもしれないですけどもうジャニーズ事務所は解体した方がいいんじゃないかみたいにおっしゃる方も当然いらっしゃいますね
いい,0.1889336593990434,一方でこう全く違う考え方の人も当然いるので今こうやって性加害の問題がこう徐々に大きなことになっていっていますけど今まで通りに応援を続けたいのであまり大事にしたくないっていう人もいますし、逆にきちんと清算をするために事務所が対応するべきだとか、あとはファンの方じゃないかもしれないですけどもうジャニーズ事務所は解体した方がいいんじゃないかみたいにおっしゃる方も当然いらっしゃいますね
いく,0.15894545856492545,一方でこう全く違う考え方の人も当然いるので今こうやって性加害の問題がこう徐々に大きなことになっていっていますけど今まで通りに応援を続けたいのであまり大事にしたくないっていう人もいますし、逆にきちんと清算をするために事務所が対応するべきだとか、あとはファンの方じゃないかもしれないですけどもうジャニーズ事務所は解体した方がいいんじゃないかみたいにおっしゃる方も当然いらっしゃいますね
いらっしゃる,0.2260774235786075,一方でこう全く違う考え方の人も当然いるので今こうやって性加害の問題がこう徐々に大きなことになっていっていますけど今まで通りに応援を続けたいのであまり大事にしたくないっていう人もいますし、逆にきちんと清算をするために事務所が対応するべきだとか、あとはファンの方じゃないかもしれないですけどもうジャニーズ事務所は解体した方がいいんじゃないかみたいにおっしゃる方も当然いらっしゃいますね
おっしゃる,0.2260774235786075,一方でこう全く違う考え方の人も当然いるので今こうやって性加害の問題がこう徐々に大きなことになっていっていますけど今まで通りに応援を続けたいのであまり大事にしたくないっていう人もいますし、逆にきちんと清算をするために事務所が対応するべきだとか、あとはファンの方じゃないかもしれないですけどもうジャニーズ事務所は解体した方がいいんじゃないかみたいにおっしゃる方も当然いらっしゃいますね
しれる,0.20434971439793279,一方でこう全く違う考え方の人も当然いるので今こうやって性加害の問題がこう徐々に大きなことになっていっていますけど今まで通りに応援を続けたいのであまり大事にしたくないっていう人もいますし、逆にきちんと清算をするために事務所が対応するべきだとか、あとはファンの方じゃないかもしれないですけどもうジャニーズ事務所は解体した方がいいんじゃないかみたいにおっしゃる方も当然いらっしゃいますね
ため,0.20434971439793279,一方でこう全く違う考え方の人も当然いるので今こうやって性加害の問題がこう徐々に大きなことになっていっていますけど今まで通りに応援を続けたいのであまり大事にしたくないっていう人もいますし、逆にきちんと清算をするために事務所が対応するべきだとか、あとはファンの方じゃないかもしれないですけどもうジャニーズ事務所は解体した方がいいんじゃないかみたいにおっしゃる方も当然いらっしゃいますね
みたい,0.15894545856492545,一方でこう全く違う考え方の人も当然いるので今こうやって性加害の問題がこう徐々に大きなことになっていっていますけど今まで通りに応援を続けたいのであまり大事にしたくないっていう人もいますし、逆にきちんと清算をするために事務所が対応するべきだとか、あとはファンの方じゃないかもしれないですけどもうジャニーズ事務所は解体した方がいいんじゃないかみたいにおっしゃる方も当然いらっしゃいますね
やる,0.20434971439793279,一方でこう全く違う考え方の人も当然いるので今こうやって性加害の問題がこう徐々に大きなことになっていっていますけど今まで通りに応援を続けたいのであまり大事にしたくないっていう人もいますし、逆にきちんと清算をするために事務所が対応するべきだとか、あとはファンの方じゃないかもしれないですけどもうジャニーズ事務所は解体した方がいいんじゃないかみたいにおっしゃる方も当然いらっしゃいますね
ジャ,0.1257729275068463,一方でこう全く違う考え方の人も当然いるので今こうやって性加害の問題がこう徐々に大きなことになっていっていますけど今まで通りに応援を続けたいのであまり大事にしたくないっていう人もいますし、逆にきちんと清算をするために事務所が対応するべきだとか、あとはファンの方じゃないかもしれないですけどもうジャニーズ事務所は解体した方がいいんじゃないかみたいにおっしゃる方も当然いらっしゃいますね
ニーズ,0.1257729275068463,一方でこう全く違う考え方の人も当然いるので今こうやって性加害の問題がこう徐々に大きなことになっていっていますけど今まで通りに応援を続けたいのであまり大事にしたくないっていう人もいますし、逆にきちんと清算をするために事務所が対応するべきだとか、あとはファンの方じゃないかもしれないですけどもうジャニーズ事務所は解体した方がいいんじゃないかみたいにおっしゃる方も当然いらっしゃいますね
ファン,0.13983227398020684,一方でこう全く違う考え方の人も当然いるので今こうやって性加害の問題がこう徐々に大きなことになっていっていますけど今まで通りに応援を続けたいのであまり大事にしたくないっていう人もいますし、逆にきちんと清算をするために事務所が対応するべきだとか、あとはファンの方じゃないかもしれないですけどもうジャニーズ事務所は解体した方がいいんじゃないかみたいにおっしゃる方も当然いらっしゃいますね
事務所,0.3035797904389587,一方でこう全く違う考え方の人も当然いるので今こうやって性加害の問題がこう徐々に大きなことになっていっていますけど今まで通りに応援を続けたいのであまり大事にしたくないっていう人もいますし、逆にきちんと清算をするために事務所が対応するべきだとか、あとはファンの方じゃないかもしれないですけどもうジャニーズ事務所は解体した方がいいんじゃないかみたいにおっしゃる方も当然いらっしゃいますね
加害,0.1889336593990434,一方でこう全く違う考え方の人も当然いるので今こうやって性加害の問題がこう徐々に大きなことになっていっていますけど今まで通りに応援を続けたいのであまり大事にしたくないっていう人もいますし、逆にきちんと清算をするために事務所が対応するべきだとか、あとはファンの方じゃないかもしれないですけどもうジャニーズ事務所は解体した方がいいんじゃないかみたいにおっしゃる方も当然いらっしゃいますね
問題,0.2260774235786075,一方でこう全く違う考え方の人も当然いるので今こうやって性加害の問題がこう徐々に大きなことになっていっていますけど今まで通りに応援を続けたいのであまり大事にしたくないっていう人もいますし、逆にきちんと清算をするために事務所が対応するべきだとか、あとはファンの方じゃないかもしれないですけどもうジャニーズ事務所は解体した方がいいんじゃないかみたいにおっしゃる方も当然いらっしゃいますね
大事,0.2260774235786075,一方でこう全く違う考え方の人も当然いるので今こうやって性加害の問題がこう徐々に大きなことになっていっていますけど今まで通りに応援を続けたいのであまり大事にしたくないっていう人もいますし、逆にきちんと清算をするために事務所が対応するべきだとか、あとはファンの方じゃないかもしれないですけどもうジャニーズ事務所は解体した方がいいんじゃないかみたいにおっしゃる方も当然いらっしゃいますね
対応,0.2260774235786075,一方でこう全く違う考え方の人も当然いるので今こうやって性加害の問題がこう徐々に大きなことになっていっていますけど今まで通りに応援を続けたいのであまり大事にしたくないっていう人もいますし、逆にきちんと清算をするために事務所が対応するべきだとか、あとはファンの方じゃないかもしれないですけどもうジャニーズ事務所は解体した方がいいんじゃないかみたいにおっしゃる方も当然いらっしゃいますね
応援,0.15894545856492545,一方でこう全く違う考え方の人も当然いるので今こうやって性加害の問題がこう徐々に大きなことになっていっていますけど今まで通りに応援を続けたいのであまり大事にしたくないっていう人もいますし、逆にきちんと清算をするために事務所が対応するべきだとか、あとはファンの方じゃないかもしれないですけどもうジャニーズ事務所は解体した方がいいんじゃないかみたいにおっしゃる方も当然いらっしゃいますね
清算,0.2260774235786075,一方でこう全く違う考え方の人も当然いるので今こうやって性加害の問題がこう徐々に大きなことになっていっていますけど今まで通りに応援を続けたいのであまり大事にしたくないっていう人もいますし、逆にきちんと清算をするために事務所が対応するべきだとか、あとはファンの方じゃないかもしれないですけどもうジャニーズ事務所は解体した方がいいんじゃないかみたいにおっしゃる方も当然いらっしゃいますね
続ける,0.17697603815977092,一方でこう全く違う考え方の人も当然いるので今こうやって性加害の問題がこう徐々に大きなことになっていっていますけど今まで通りに応援を続けたいのであまり大事にしたくないっていう人もいますし、逆にきちんと清算をするために事務所が対応するべきだとか、あとはファンの方じゃないかもしれないですけどもうジャニーズ事務所は解体した方がいいんじゃないかみたいにおっしゃる方も当然いらっしゃいますね
考え方,0.2260774235786075,一方でこう全く違う考え方の人も当然いるので今こうやって性加害の問題がこう徐々に大きなことになっていっていますけど今まで通りに応援を続けたいのであまり大事にしたくないっていう人もいますし、逆にきちんと清算をするために事務所が対応するべきだとか、あとはファンの方じゃないかもしれないですけどもうジャニーズ事務所は解体した方がいいんじゃないかみたいにおっしゃる方も当然いらっしゃいますね
解体,0.2260774235786075,一方でこう全く違う考え方の人も当然いるので今こうやって性加害の問題がこう徐々に大きなことになっていっていますけど今まで通りに応援を続けたいのであまり大事にしたくないっていう人もいますし、逆にきちんと清算をするために事務所が対応するべきだとか、あとはファンの方じゃないかもしれないですけどもうジャニーズ事務所は解体した方がいいんじゃないかみたいにおっしゃる方も当然いらっしゃいますね
通り,0.2260774235786075,一方でこう全く違う考え方の人も当然いるので今こうやって性加害の問題がこう徐々に大きなことになっていっていますけど今まで通りに応援を続けたいのであまり大事にしたくないっていう人もいますし、逆にきちんと清算をするために事務所が対応するべきだとか、あとはファンの方じゃないかもしれないですけどもうジャニーズ事務所は解体した方がいいんじゃないかみたいにおっしゃる方も当然いらっしゃいますね
違う,0.2260774235786075,一方でこう全く違う考え方の人も当然いるので今こうやって性加害の問題がこう徐々に大きなことになっていっていますけど今まで通りに応援を続けたいのであまり大事にしたくないっていう人もいますし、逆にきちんと清算をするために事務所が対応するべきだとか、あとはファンの方じゃないかもしれないですけどもうジャニーズ事務所は解体した方がいいんじゃないかみたいにおっしゃる方も当然いらっしゃいますね
